ID,Expression,HalideResult,HalideTime
3,( == ( * v0 2 ) ( - ( + ( * v0 2 ) ( + ( * ( - ( / ( min ( + ( * ( min ( / ( min ( + ( * v1 2 ) 1 ) v2 ) 2 ) v1 ) 2 ) 1 ) v2 ) 2 ) v1 ) 4 ) 8 ) ) 1 ) ),0,241
43,( == ( - ( * ( / ( + ( + v0 v1 ) 93 ) 2 ) 2 ) 19 ) ( - ( + ( - ( * ( / ( + ( + v0 v1 ) 93 ) 2 ) 2 ) 19 ) ( + ( * ( % ( + ( + v0 v1 ) 1 ) 2 ) 2 ) 70 ) ) 1 ) ),0,185
57,( >= 0 ( - ( + 0 ( / ( + ( % ( + v0 v1 ) 8 ) 220 ) 32 ) ) 1 ) ),0,40
62,( >= ( max ( / ( + ( - ( max v0 0 ) v1 ) 1 ) 32 ) 0 ) ( - ( + ( max ( / ( + ( - ( max v0 0 ) v1 ) 1 ) 32 ) 0 ) ( + ( - ( max ( / ( - ( max v0 0 ) v1 ) 32 ) -1 ) ( max ( / ( + ( - ( max v0 0 ) v1 ) 1 ) 32 ) 0 ) ) 1 ) ) 1 ) ),0,2828
102,( == ( - ( * ( / ( min ( / v0 8 ) 0 ) 16 ) 16 ) 10 ) ( - ( + ( - ( * ( / ( min ( / v0 8 ) 0 ) 16 ) 16 ) 10 ) ( + ( * v1 16 ) 39 ) ) 1 ) ),0,142
103,( >= ( max ( / ( + v0 5 ) 253 ) 0 ) ( - ( + ( max ( / ( + v0 5 ) 253 ) 0 ) ( max ( - ( / ( + v0 257 ) 253 ) ( max ( / ( + v0 5 ) 253 ) 0 ) ) 0 ) ) 1 ) ),0,683
106,( == 0 ( - ( + 0 ( / ( + ( % ( + v0 v1 ) 2 ) 251 ) 4 ) ) 1 ) ),0,61
121,( == ( * ( / ( * ( min ( + ( * v2 1088 ) ( * ( min v1 0 ) 8 ) ) ( + ( * ( min ( + ( * v2 136 ) ( min v1 0 ) ) ( + v3 12 ) ) 8 ) 4 ) ) -1 ) 4 ) 4 ) ( * ( min ( + ( * v2 1088 ) ( * ( min v1 0 ) 8 ) ) ( + ( * ( min ( + ( * v2 136 ) ( min v1 0 ) ) ( + v3 12 ) ) 8 ) 4 ) ) -1 ) ),0,1736
123,( == ( - ( * ( max v0 233 ) 2 ) 705 ) ( - ( + ( - ( * ( max v0 233 ) 2 ) 705 ) ( - 708 ( * ( max v0 233 ) 2 ) ) ) 1 ) ),0,106
145,( == ( * ( / ( min ( + ( * v0 32 ) ( * ( * ( + ( / v1 63 ) ( * v2 2 ) ) 2 ) 32 ) ) ( + ( * ( min ( * ( min ( / ( min ( + ( * v0 4 ) ( * ( * ( + ( / v1 63 ) ( * v2 2 ) ) 2 ) 4 ) ) ( + ( * ( min ( / ( - ( + v3 v1 ) 1 ) 63 ) ( + ( + ( / v1 63 ) ( * v2 2 ) ) 1 ) ) 8 ) 4 ) ) 4 ) ( + v0 ( * ( + ( / v1 63 ) ( * v2 2 ) ) 2 ) ) ) 4 ) ( + ( * ( min ( / ( - ( + v3 v1 ) 1 ) 63 ) ( + ( + ( / v1 63 ) ( * v2 2 ) ) 1 ) ) 8 ) 4 ) ) 8 ) 28 ) ) 4 ) 4 ) ( min ( + ( * v0 32 ) ( * ( * ( + ( / v1 63 ) ( * v2 2 ) ) 2 ) 32 ) ) ( + ( * ( min ( * ( min ( / ( min ( + ( * v0 4 ) ( * ( * ( + ( / v1 63 ) ( * v2 2 ) ) 2 ) 4 ) ) ( + ( * ( min ( / ( - ( + v3 v1 ) 1 ) 63 ) ( + ( + ( / v1 63 ) ( * v2 2 ) ) 1 ) ) 8 ) 4 ) ) 4 ) ( + v0 ( * ( + ( / v1 63 ) ( * v2 2 ) ) 2 ) ) ) 4 ) ( + ( * ( min ( / ( - ( + v3 v1 ) 1 ) 63 ) ( + ( + ( / v1 63 ) ( * v2 2 ) ) 1 ) ) 8 ) 4 ) ) 8 ) 28 ) ) ),1,206
158,( == ( - ( min ( * ( max ( + v0 v1 ) -1 ) 4 ) -1 ) 9 ) ( - ( + ( - ( min ( * ( max ( + v0 v1 ) -1 ) 4 ) -1 ) 9 ) ( - 12 ( min ( * ( max ( + v0 v1 ) -1 ) 4 ) -1 ) ) ) 1 ) ),0,116
159,( >= ( + ( * ( - ( max ( min v0 121 ) -128 ) ( max ( min v0 249 ) 0 ) ) 8 ) 1080 ) 0 ),0,754
162,( >= ( - ( min ( * ( max v0 -30 ) 16 ) 61 ) 65 ) ( - ( + ( - ( min ( * ( max v0 -30 ) 16 ) 61 ) 65 ) ( - 70 ( min ( * ( max v0 -30 ) 16 ) 61 ) ) ) 1 ) ),0,94
190,( == ( - ( * ( max ( min ( / v0 2 ) 999 ) 0 ) 2 ) 4 ) ( - ( + ( - ( * ( max ( min ( / v0 2 ) 999 ) 0 ) 2 ) 4 ) ( + ( * v1 2 ) 12 ) ) 1 ) ),0,150
194,( == 0 ( - ( + 0 ( / ( + ( % ( + v0 v1 ) 8 ) 156 ) 32 ) ) 1 ) ),0,1247
198,( <= ( + ( max ( - ( / ( + ( min ( * v0 32 ) 93 ) v1 ) 4 ) ( + ( / ( + v1 7 ) 4 ) ( * v0 8 ) ) ) 0 ) 12 ) 1024 ),0,861
199,( == ( + ( * ( max ( min v0 -8 ) -135 ) 2 ) 16 ) ( - ( + ( + ( * ( max ( min v0 -8 ) -135 ) 2 ) 16 ) ( - -14 ( * ( max ( min v0 -8 ) -135 ) 2 ) ) ) 1 ) ),0,104
208,( && ( && ( && ( && ( && ( && 1 ( <= ( + 0 ( - v0 3 ) ) ( - v0 1 ) ) ) ( >= ( + 3 ( + v0 61 ) ) ( + v0 64 ) ) ) ( <= ( + v1 v2 ) ( + v1 v2 ) ) ) ( >= ( + v1 v2 ) ( + v1 v2 ) ) ) ( <= v3 v3 ) ) ( >= v3 v3 ) ),1,112
237,( <= ( + ( max ( - ( + ( * ( / ( max ( * v0 8 ) 244 ) 4 ) -4 ) ( + ( * v0 8 ) v1 ) ) ( + ( min ( * v0 8 ) 244 ) v1 ) ) -242 ) 258 ) 1024 ),0,1083
260,( < ( + ( / ( + v0 v1 ) 65 ) 1 ) ( / ( + ( + v0 1 ) v1 ) 65 ) ),0,65
277,( == ( - ( * ( max ( min ( / v0 8 ) 249 ) 0 ) 8 ) 6 ) ( - ( + ( - ( * ( max ( min ( / v0 8 ) 249 ) 0 ) 8 ) 6 ) ( + ( * v1 8 ) 13 ) ) 1 ) ),0,165
278,( == ( - ( min v0 33 ) 33 ) ( - ( + ( - ( min v0 33 ) 33 ) ( - 36 ( min v0 33 ) ) ) 1 ) ),0,84
291,( && ( && ( && ( && ( && ( && 1 ( <= ( - ( max ( + v0 5 ) v1 ) 1 ) ( - v0 1 ) ) ) ( >= ( + v0 4 ) ( + v0 4 ) ) ) ( <= ( + ( + 0 ( - ( + ( + ( min ( * v2 36 ) 96 ) ( * v3 12 ) ) v4 ) 5 ) ) 4 ) ( - ( + ( + ( min ( * v2 36 ) 96 ) ( * v3 12 ) ) v4 ) 1 ) ) ) ( >= ( + ( + 3 ( + ( + ( + ( min ( * v2 36 ) 96 ) ( * v3 12 ) ) v4 ) 8 ) ) 4 ) ( + ( + ( + ( min ( * v2 36 ) 96 ) ( * v3 12 ) ) v4 ) 15 ) ) ) ( <= 0 0 ) ) ( >= 2 2 ) ),0,281
301,( >= ( / ( + v0 v1 ) 16 ) ( + ( + ( / ( + ( - v0 1 ) v1 ) 16 ) 1 ) 1 ) ),0,74
371,( < ( + ( + ( min ( * v0 32 ) 93 ) ( + ( * v1 2 ) v2 ) ) v3 ) ( + ( + ( min ( * v0 32 ) 93 ) ( + ( * v1 2 ) ( + v2 1 ) ) ) v3 ) ),1,92
378,( == ( * ( / ( min ( - ( max ( min ( min ( + ( + ( + ( min ( * ( / ( + ( min ( + ( * v2 -501 ) ( - v3 ( / v1 2 ) ) ) 499 ) 7 ) 127 ) 127 ) 380 ) ( * v2 501 ) ) ( / v1 2 ) ) 119 ) v3 ) 999 ) 0 ) ( max ( min ( + ( * v2 501 ) ( + ( / v1 2 ) 119 ) ) ( min v3 1125 ) ) 126 ) ) -128 ) 8 ) 8 ) ( min ( - ( max ( min ( min ( + ( + ( + ( min ( * ( / ( + ( min ( + ( * v2 -501 ) ( - v3 ( / v1 2 ) ) ) 499 ) 7 ) 127 ) 127 ) 380 ) ( * v2 501 ) ) ( / v1 2 ) ) 119 ) v3 ) 999 ) 0 ) ( max ( min ( + ( * v2 501 ) ( + ( / v1 2 ) 119 ) ) ( min v3 1125 ) ) 126 ) ) -128 ) ),0,5367
427,( && ( && ( && ( && ( && ( && 1 ( <= ( - ( + 0 ( - ( + ( * v0 12 ) v1 ) 2 ) ) 1 ) ( - ( - ( + 0 ( + ( * v0 12 ) v1 ) ) 2 ) 1 ) ) ) ( >= ( - ( + 3 ( + ( + ( * ( / ( max ( * v0 12 ) 20 ) 4 ) -4 ) ( + ( * v0 12 ) v1 ) ) 39 ) ) 1 ) ( - ( + ( + ( - ( + 4 0 ) 1 ) ( + ( + ( * ( / ( max ( * v0 12 ) 20 ) 4 ) -4 ) ( + ( * v0 12 ) v1 ) ) 36 ) ) ( - ( - 6 2 ) 1 ) ) 1 ) ) ) ( <= ( - ( + v2 v3 ) 998 ) ( - ( - ( + v2 v3 ) 2 ) 1001 ) ) ) ( >= ( - ( + v2 v3 ) 998 ) ( - ( + ( + v2 v3 ) ( - ( - 6 2 ) 1 ) ) 1001 ) ) ) ( <= 0 0 ) ) ( >= 0 0 ) ),0,283
433,( == ( - ( * v0 2 ) 14 ) ( - ( + ( - ( * v0 2 ) 14 ) ( + ( * ( - ( - ( min ( + ( + ( min ( * v1 33 ) 32 ) v2 ) 21 ) v3 ) ( * v1 33 ) ) v2 ) 2 ) 24 ) ) 1 ) ),0,222
437,( >= ( - ( max ( * ( % v0 8 ) 32 ) 220 ) 253 ) ( - ( + ( - ( max ( * ( % v0 8 ) 32 ) 220 ) 253 ) ( - 258 ( max ( * ( % v0 8 ) 32 ) 220 ) ) ) 1 ) ),0,101
440,( <= ( + ( / ( + v0 v1 ) 65 ) 1 ) ( - ( / ( + ( - v0 1 ) v1 ) 65 ) 1 ) ),0,67
441,( == ( * ( / ( * ( min ( + ( + ( * ( max ( / ( + ( min ( + ( * v3 -4 ) ( - ( max ( / ( + ( + v4 v2 ) 23 ) 8 ) 249 ) ( min ( / v2 8 ) 4 ) ) ) -1 ) 5 ) 2 ) 0 ) 16 ) ( * v3 32 ) ) ( * ( min ( / v2 8 ) 4 ) 8 ) ) ( + ( * ( min ( + ( + ( * ( max ( / ( + ( min ( + ( * v3 -4 ) ( - ( max ( / ( + ( + v4 v2 ) 23 ) 8 ) 249 ) ( min ( / v2 8 ) 4 ) ) ) -1 ) 5 ) 2 ) 0 ) 2 ) ( * v3 4 ) ) ( min ( / v2 8 ) 4 ) ) ( + ( min ( + ( * v3 4 ) ( - ( min ( / v2 8 ) 4 ) 1 ) ) ( max ( / ( + ( + v4 v2 ) 23 ) 8 ) 249 ) ) 5 ) ) 8 ) 12 ) ) -1 ) 4 ) 4 ) ( * ( min ( + ( + ( * ( max ( / ( + ( min ( + ( * v3 -4 ) ( - ( max ( / ( + ( + v4 v2 ) 23 ) 8 ) 249 ) ( min ( / v2 8 ) 4 ) ) ) -1 ) 5 ) 2 ) 0 ) 16 ) ( * v3 32 ) ) ( * ( min ( / v2 8 ) 4 ) 8 ) ) ( + ( * ( min ( + ( + ( * ( max ( / ( + ( min ( + ( * v3 -4 ) ( - ( max ( / ( + ( + v4 v2 ) 23 ) 8 ) 249 ) ( min ( / v2 8 ) 4 ) ) ) -1 ) 5 ) 2 ) 0 ) 2 ) ( * v3 4 ) ) ( min ( / v2 8 ) 4 ) ) ( + ( min ( + ( * v3 4 ) ( - ( min ( / v2 8 ) 4 ) 1 ) ) ( max ( / ( + ( + v4 v2 ) 23 ) 8 ) 249 ) ) 5 ) ) 8 ) 12 ) ) -1 ) ),0,4020
467,( == ( - ( * ( max v0 220 ) 8 ) 1787 ) ( - ( + ( - ( * ( max v0 220 ) 8 ) 1787 ) ( - 1792 ( * ( max v0 220 ) 8 ) ) ) 1 ) ),0,96
475,( < ( + ( + ( * v0 260 ) v1 ) 264 ) ( - ( + ( * ( + v0 1 ) 260 ) v1 ) 4 ) ),0,58
498,( != ( / ( + ( * v0 32 ) 72 ) 7 ) 0 ),0,437
566,( == ( - ( * ( max ( min v0 2 ) -16 ) 8 ) 21 ) ( - ( + ( - ( * ( max ( min v0 2 ) -16 ) 8 ) 21 ) ( - 26 ( * ( max ( min v0 2 ) -16 ) 8 ) ) ) 1 ) ),0,110
569,( == ( - 288 ( * ( + ( max ( min ( * ( / v0 32 ) 4 ) 285 ) 36 ) v1 ) 8 ) ) ( - 2287 ( * ( + ( max ( min ( * ( / v0 32 ) 4 ) 285 ) 36 ) v1 ) 8 ) ) ),0,83
589,( == ( * ( / ( + ( * ( max ( min ( * ( min ( + ( * v1 -1000 ) v2 ) 1000 ) -2 ) 1 ) -62 ) 4 ) ( * ( max ( + ( + ( * ( min ( + ( * v1 -1000 ) ( + v2 v3 ) ) ( + v3 1000 ) ) -8 ) ( * ( / ( + ( * ( min ( + ( * v1 -1000 ) v2 ) 1000 ) 8 ) 1 ) 4004 ) 4004 ) ) ( * v3 8 ) ) -4002 ) -1 ) ) 4 ) 4 ) ( + ( * ( max ( min ( * ( min ( + ( * v1 -1000 ) v2 ) 1000 ) -2 ) 1 ) -62 ) 4 ) ( * ( max ( + ( + ( * ( min ( + ( * v1 -1000 ) ( + v2 v3 ) ) ( + v3 1000 ) ) -8 ) ( * ( / ( + ( * ( min ( + ( * v1 -1000 ) v2 ) 1000 ) 8 ) 1 ) 4004 ) 4004 ) ) ( * v3 8 ) ) -4002 ) -1 ) ) ),0,4594
590,( == ( * ( / ( min ( - ( max ( min ( min ( + ( + ( + ( min ( * ( / ( + ( min ( + ( * v2 -501 ) ( - v3 ( / v1 2 ) ) ) 499 ) 7 ) 127 ) 127 ) 380 ) ( * v2 501 ) ) ( / v1 2 ) ) 119 ) v3 ) 999 ) 0 ) ( max ( min ( + ( * v2 501 ) ( + ( / v1 2 ) 119 ) ) ( min v3 1125 ) ) 126 ) ) -128 ) 8 ) 8 ) ( min ( - ( max ( min ( min ( + ( + ( + ( min ( * ( / ( + ( min ( + ( * v2 -501 ) ( - v3 ( / v1 2 ) ) ) 499 ) 7 ) 127 ) 127 ) 380 ) ( * v2 501 ) ) ( / v1 2 ) ) 119 ) v3 ) 999 ) 0 ) ( max ( min ( + ( * v2 501 ) ( + ( / v1 2 ) 119 ) ) ( min v3 1125 ) ) 126 ) ) -128 ) ),0,5106
626,( >= ( - 288 ( * ( + ( max ( min ( * ( / v0 32 ) 4 ) 285 ) 36 ) v1 ) 8 ) ) ( - 2287 ( * ( + ( max ( min ( * ( / v0 32 ) 4 ) 285 ) 36 ) v1 ) 8 ) ) ),0,92
645,( >= ( / ( + v0 v1 ) 8 ) ( - ( + ( / ( + v0 v1 ) 8 ) ( / ( + ( % ( + v0 v1 ) 8 ) 143 ) 8 ) ) 1 ) ),0,92
663,( <= ( max 0 ( + ( min ( - 283 ( * ( % v0 32 ) 9 ) ) ( - ( + 0 9 ) 1 ) ) 1 ) ) 0 ),0,63
686,( <= ( max ( / ( + ( % ( + v0 4 ) 8 ) 515 ) 8 ) ( + ( - ( max ( / ( + v0 507 ) 8 ) ( + ( min ( / ( + v0 483 ) 8 ) ( + ( / v0 8 ) ( * ( / ( + ( % ( + ( min ( * v1 1000 ) ( - v2 1000 ) ) v3 ) 8 ) 507 ) 32 ) 4 ) ) ) 3 ) ) ( / v0 8 ) ) 1 ) ) 1024 ),0,2042
689,( == ( - ( * ( + ( * v0 10 ) v1 ) 8 ) 194 ) ( - ( + ( - ( * ( + ( * v0 10 ) v1 ) 8 ) 194 ) ( + ( * v2 8 ) 87 ) ) 1 ) ),0,108
700,( <= ( + ( max ( - ( + ( / ( + ( + ( * v0 250 ) v1 ) 31 ) 8 ) ( * ( / ( + ( + ( - ( * v0 250 ) ( * ( / ( + ( + ( * v0 250 ) v1 ) 15 ) 8 ) 8 ) ) v1 ) 257 ) 24 ) 3 ) ) ( / ( + ( + ( * v0 250 ) v1 ) 15 ) 8 ) ) 2 ) 1 ) 1024 ),0,1881
702,( >= ( max ( / ( + ( - v0 v1 ) 6 ) 87 ) 0 ) ( - ( + ( max ( / ( + ( - v0 v1 ) 6 ) 87 ) 0 ) ( - ( / ( + ( - v0 v1 ) 92 ) 87 ) ( max ( / ( + ( - v0 v1 ) 6 ) 87 ) 0 ) ) ) 1 ) ),1,125
708,( == ( - ( + ( * v0 3 ) ( + v1 v2 ) ) 1 ) ( - ( + ( - ( + ( * v0 3 ) ( + v1 v2 ) ) 1 ) 5 ) 1 ) ),0,61
725,( == ( - ( min v0 0 ) 5 ) ( - ( + ( - ( min v0 0 ) 5 ) ( - 7 ( min v0 0 ) ) ) 1 ) ),0,72
744,( <= ( max 0 ( + ( min ( / ( + ( % ( + ( min ( * v0 64 ) ( - v1 64 ) ) v2 ) 4 ) 55 ) 16 ) ( - ( + 0 5 ) 1 ) ) 1 ) ) 0 ),0,69
751,( && ( && ( && ( && ( && ( && 1 ( <= ( - v0 9 ) ( - ( - ( + ( + ( * ( max -2 0 ) 4 ) v0 ) 0 ) 4 ) 5 ) ) ) ( >= ( + ( + ( * v1 4 ) v0 ) 12 ) ( - ( + ( + ( + ( * ( + v1 3 ) 4 ) v0 ) 3 ) 2 ) 5 ) ) ) ( <= ( - ( + ( + ( + ( * v2 129 ) v3 ) v4 ) 0 ) 8 ) ( - ( - ( + ( + ( * v2 129 ) v3 ) v4 ) 4 ) 10 ) ) ) ( >= ( - ( + ( + ( + ( * v2 129 ) v3 ) v4 ) 3 ) 8 ) ( - ( + ( + ( + ( * v2 129 ) v3 ) v4 ) 2 ) 10 ) ) ) ( <= v5 v5 ) ) ( >= v5 v5 ) ),0,261
756,( != ( + ( / ( * v0 32 ) 13 ) 6 ) 0 ),0,367
764,( <= ( max 0 ( + ( min ( / ( + ( % v0 2 ) 175 ) 89 ) ( - ( + 0 3 ) 1 ) ) 1 ) ) 0 ),0,44
767,( >= 0 ( - ( + 0 ( + ( - ( - ( / ( min ( - ( - ( - ( / ( + ( + v0 v1 ) 7 ) 8 ) ( * v2 128 ) ) ( * v3 32 ) ) ( / v1 8 ) ) ( + ( * ( min ( + ( * v4 3 ) v5 ) 7 ) 4 ) 3 ) ) 4 ) v5 ) ( * v4 3 ) ) 1 ) ) 1 ) ),0,1776
780,( >= ( / ( + ( + v0 v1 ) v2 ) 4 ) ( + ( + ( / ( + ( + ( - v0 1 ) v1 ) v2 ) 4 ) 1 ) 1 ) ),0,115
786,( && ( && ( && ( && ( && ( && 1 ( <= ( + ( + 0 ( + ( max ( * v0 500 ) -2 ) v1 ) ) 2 ) ( + ( * v0 500 ) v1 ) ) ) ( >= ( + ( + 1 ( + ( + ( * ( / ( min ( * v0 500 ) -2 ) 2 ) 2 ) ( + ( max ( * v0 500 ) -2 ) v1 ) ) 500 ) ) 2 ) ( + ( + ( * v0 500 ) v1 ) 501 ) ) ) ( <= ( + ( + ( * 0 4 ) v2 ) 0 ) v2 ) ) ( >= ( + ( + ( * 31 4 ) v2 ) 3 ) ( + v2 124 ) ) ) ( <= 0 0 ) ) ( >= 0 0 ) ),0,283
789,( == ( * ( / ( * ( min ( + ( * ( % v3 ( / ( + v4 19 ) 16 ) ) 128 ) ( + ( * ( / v2 8 ) 8 ) 100 ) ) ( * ( / ( + ( + v1 v2 ) 7 ) 8 ) 8 ) ) -1 ) 4 ) 4 ) ( * ( min ( + ( * ( % v3 ( / ( + v4 19 ) 16 ) ) 128 ) ( + ( * ( / v2 8 ) 8 ) 100 ) ) ( * ( / ( + ( + v1 v2 ) 7 ) 8 ) 8 ) ) -1 ) ),0,1831
800,( < ( + ( + ( min ( * v0 8 ) 118 ) ( + ( * v1 4 ) v2 ) ) v3 ) ( + ( + ( min ( * v0 8 ) 118 ) ( + ( * v1 4 ) ( + v2 1 ) ) ) v3 ) ),1,91
825,( >= ( / ( + ( - ( max ( / ( + ( + v0 v1 ) 3 ) 4 ) 499 ) ( min ( / v1 4 ) 0 ) ) 254 ) 252 ) 0 ),1,75
848,( >= ( max ( / ( + v0 23 ) 516 ) 0 ) ( - ( + ( max ( / ( + v0 23 ) 516 ) 0 ) ( max ( - ( / ( + v0 538 ) 516 ) ( max ( / ( + v0 23 ) 516 ) 0 ) ) 0 ) ) 1 ) ),0,772
858,( == ( + ( * v0 32 ) ( + v1 v2 ) ) ( - ( + ( + ( * v0 32 ) ( + v1 v2 ) ) 32 ) 1 ) ),0,21
865,( >= ( - v3 12 ) ( - ( + ( - v3 12 ) ( + ( - ( max v0 0 ) ( max ( min ( + v1 v2 ) 2007 ) ( + ( max v0 1 ) 13 ) ) ) 14 ) ) 1 ) ),0,1550
871,( >= ( / ( + ( - ( max ( * ( / ( + ( + v0 v1 ) 31 ) 32 ) 32 ) 1964 ) ( min ( * ( / v1 32 ) 32 ) 36 ) ) 209 ) 132 ) 0 ),1,82
880,( == ( - ( min ( * ( max ( + ( * v0 5 ) v1 ) 8 ) 16 ) 140 ) 140 ) ( - 6 ( * v2 4 ) ) ),0,61
883,( >= ( max ( / ( + ( - v0 v1 ) 1 ) 128 ) 0 ) ( - ( + ( max ( / ( + ( - v0 v1 ) 1 ) 128 ) 0 ) ( + ( - ( / ( - v0 v1 ) 128 ) ( max ( / ( + ( - v0 v1 ) 1 ) 128 ) 0 ) ) 1 ) ) 1 ) ),1,152
884,( == ( * ( / ( min ( * ( min ( - ( min ( + ( * v0 -4 ) ( + ( min ( + ( max v1 249 ) ( * v2 -16 ) ) ( + ( min v3 0 ) 15 ) ) 8 ) ) v3 ) ( min v3 0 ) ) 0 ) 8 ) ( - ( * v4 12 ) 20 ) ) 4 ) 4 ) ( min ( * ( min ( - ( min ( + ( * v0 -4 ) ( + ( min ( + ( max v1 249 ) ( * v2 -16 ) ) ( + ( min v3 0 ) 15 ) ) 8 ) ) v3 ) ( min v3 0 ) ) 0 ) 8 ) ( - ( * v4 12 ) 20 ) ) ),1,296
899,( == ( * ( / ( * ( min ( * ( % v0 8 ) 33 ) 225 ) -8 ) 24 ) 24 ) ( * ( min ( * ( % v0 8 ) 33 ) 225 ) -8 ) ),0,919
927,( == ( * ( / ( min ( + ( * v0 252 ) ( - ( * ( max ( min ( / v1 4 ) 499 ) 0 ) 4 ) 5 ) ) ( - ( * ( max ( min ( / ( - ( + v2 v1 ) 1 ) 4 ) 499 ) 0 ) 4 ) 249 ) ) 8 ) 8 ) ( min ( + ( * v0 252 ) ( - ( * ( max ( min ( / v1 4 ) 499 ) 0 ) 4 ) 5 ) ) ( - ( * ( max ( min ( / ( - ( + v2 v1 ) 1 ) 4 ) 499 ) 0 ) 4 ) 249 ) ) ),0,1474
935,( < ( - ( + ( + ( * v0 1011 ) v1 ) v2 ) 6 ) ( - ( + ( + ( * v0 1011 ) v1 ) ( + v2 1 ) ) 11 ) ),0,86
952,( == ( - ( * ( max ( min ( + v0 v1 ) 249 ) 0 ) 8 ) 13 ) ( - ( + ( - ( * ( max ( min ( + v0 v1 ) 249 ) 0 ) 8 ) 13 ) 19 ) 1 ) ),0,97
954,( == ( - ( * v0 8 ) 60 ) ( - ( + ( - ( * v0 8 ) 60 ) ( + ( * ( max ( * v1 29 ) 57 ) -8 ) 693 ) ) 1 ) ),0,111
961,( == ( * ( / ( min ( + ( * v1 -112 ) ( + ( * ( / ( + ( + v2 v3 ) 1999 ) 2000 ) 256 ) 464 ) ) ( + ( min ( * v4 64 ) 48 ) ( * ( / v3 2000 ) 256 ) ) ) 16 ) 16 ) ( min ( + ( * v1 -112 ) ( + ( * ( / ( + ( + v2 v3 ) 1999 ) 2000 ) 256 ) 464 ) ) ( + ( min ( * v4 64 ) 48 ) ( * ( / v3 2000 ) 256 ) ) ) ),0,1553
969,( == ( - ( * ( max ( min v0 0 ) -3 ) 8 ) 4 ) ( - ( + ( - ( * ( max ( min v0 0 ) -3 ) 8 ) 4 ) ( - 9 ( * ( max ( min v0 0 ) -3 ) 8 ) ) ) 1 ) ),0,102
973,( < ( - ( + v0 v1 ) 6 ) ( - ( + ( + v0 1 ) v1 ) 11 ) ),0,55
981,( >= ( max ( / ( + ( * ( - v0 v1 ) 8 ) 44 ) 1044 ) 0 ) ( - ( + ( max ( / ( + ( * ( - v0 v1 ) 8 ) 44 ) 1044 ) 0 ) ( - ( / ( + ( * ( - v0 v1 ) 8 ) 1091 ) 1044 ) ( max ( / ( + ( * ( - v0 v1 ) 8 ) 44 ) 1044 ) 0 ) ) ) 1 ) ),0,1279
984,( <= ( + ( max ( - ( + ( * ( / ( max ( * v0 64 ) 436 ) 4 ) -4 ) ( + ( * v0 64 ) v1 ) ) ( + ( min ( * v0 64 ) 436 ) v1 ) ) -436 ) 500 ) 1024 ),0,1079
1001,( == ( - ( + ( * v0 32 ) ( + v1 v2 ) ) 1 ) ( - ( + ( - ( + ( * v0 32 ) ( + v1 v2 ) ) 1 ) 37 ) 1 ) ),0,1776
1006,( <= ( + ( / ( + ( + ( + v0 v1 ) v2 ) v3 ) 8 ) 1 ) ( - ( / ( + ( + ( + ( - v0 1 ) v1 ) v2 ) v3 ) 8 ) 1 ) ),0,98
1007,( == ( - ( * v0 2 ) 92 ) ( - ( + ( - ( * v0 2 ) 92 ) ( + ( * ( min ( - ( min ( + v1 17 ) v2 ) ( + ( * v3 39 ) v1 ) ) -22 ) 2 ) 122 ) ) 1 ) ),0,184
1022,( == ( - ( * ( max ( min v0 5 ) -2 ) 8 ) 45 ) ( - ( + ( - ( * ( max ( min v0 5 ) -2 ) 8 ) 45 ) ( - 49 ( * ( max ( min v0 5 ) -2 ) 8 ) ) ) 1 ) ),0,117
1023,( >= ( / ( + ( + v0 v1 ) v2 ) 65 ) ( + ( + ( / ( + ( + ( - v0 1 ) v1 ) v2 ) 65 ) 1 ) 1 ) ),0,95
1027,( == ( * ( / ( * ( max ( min ( * ( max ( min ( + ( * ( % ( / v4 ( / ( + v5 37 ) 32 ) ) ( / ( + v6 137 ) 132 ) ) 132 ) ( - ( / v3 8 ) 5 ) ) ( min ( / ( - ( + v2 v3 ) 977 ) 8 ) 249 ) ) 0 ) 8 ) ( + ( * ( max ( min ( + ( * ( % ( / v4 ( / ( + v5 37 ) 32 ) ) ( / ( + v6 137 ) 132 ) ) 132 ) ( - ( / v3 8 ) 5 ) ) ( min ( / ( - ( + v2 v3 ) 977 ) 8 ) 250 ) ) 1 ) 8 ) 7 ) ) 12 ) -1 ) 4 ) 4 ) ( * ( max ( min ( * ( max ( min ( + ( * ( % ( / v4 ( / ( + v5 37 ) 32 ) ) ( / ( + v6 137 ) 132 ) ) 132 ) ( - ( / v3 8 ) 5 ) ) ( min ( / ( - ( + v2 v3 ) 977 ) 8 ) 249 ) ) 0 ) 8 ) ( + ( * ( max ( min ( + ( * ( % ( / v4 ( / ( + v5 37 ) 32 ) ) ( / ( + v6 137 ) 132 ) ) 132 ) ( - ( / v3 8 ) 5 ) ) ( min ( / ( - ( + v2 v3 ) 977 ) 8 ) 250 ) ) 1 ) 8 ) 7 ) ) 12 ) -1 ) ),0,3207
1061,( == ( - v0 11 ) ( - ( + ( - v0 11 ) ( - 14 ( * 6 2 ) ) ) 1 ) ),0,38
1070,( == ( - ( + ( * v0 252 ) ( + v1 v2 ) ) 5 ) ( - ( + ( - ( + ( * v0 252 ) ( + v1 v2 ) ) 5 ) ( - 1012 ( max ( * v0 252 ) 753 ) ) ) 1 ) ),0,109
1090,( == ( - ( + v0 v1 ) 5 ) ( - ( + ( - ( + v0 v1 ) 5 ) 130 ) 1 ) ),0,55
1097,( <= ( max 0 ( + ( min ( - 112 ( * ( % v0 8 ) 15 ) ) ( - ( + 0 15 ) 1 ) ) 1 ) ) 0 ),0,76
1111,( >= ( - ( + v0 v1 ) 3 ) ( + ( + ( + ( - v0 1 ) v1 ) 1 ) 1 ) ),0,88
1116,( != ( / ( + ( * v0 64 ) 124 ) 36 ) 0 ),0,1713
1119,( == 0 ( - ( + 0 ( - 76 ( max ( min ( * v0 16 ) 76 ) 60 ) ) ) 1 ) ),0,65
1128,( < ( - ( + v0 v1 ) 8 ) ( - ( + ( + v0 1 ) v1 ) 14 ) ),0,54
1142,( == 0 ( - ( + 0 ( - 131 ( max ( min ( * v0 66 ) 131 ) 65 ) ) ) 1 ) ),0,79
1150,( == ( - ( * v0 8 ) 44 ) ( - ( + ( - ( * v0 8 ) 44 ) ( + ( * ( min ( - ( - ( * ( / ( + ( + v1 v2 ) 64 ) 65 ) 8 ) ( * v3 17 ) ) ( * ( / v2 65 ) 8 ) ) -7 ) 8 ) 194 ) ) 1 ) ),0,246
1161,( < ( + ( / ( + ( + ( min ( * v0 63 ) 62 ) v1 ) v2 ) 8 ) 1 ) ( / ( + ( + ( min ( * v0 63 ) 62 ) ( + v1 1 ) ) v2 ) 8 ) ),0,120
1163,( <= ( + ( / ( + v0 v1 ) 2 ) 1 ) ( - ( / ( + ( - v0 1 ) v1 ) 2 ) 1 ) ),0,71
1170,( && ( && ( && ( && ( && ( && 1 ( <= ( + ( + 0 ( + ( max ( * v0 12 ) -8 ) v1 ) ) 1 ) ( + -7 ( + ( * v0 12 ) v1 ) ) ) ) ( >= ( + ( + 3 ( + ( + ( * ( / ( min ( * v0 12 ) -8 ) 4 ) 4 ) ( + ( max ( * v0 12 ) -8 ) v1 ) ) 16 ) ) 1 ) ( + 0 ( + ( + ( * v0 12 ) v1 ) 12 ) ) ) ) ( <= ( - ( + ( + ( * 0 1334 ) v2 ) 0 ) 128 ) ( - ( + 0 v2 ) 128 ) ) ) ( >= ( - ( + ( + ( * 1 1334 ) v2 ) 1333 ) 128 ) ( - ( + 3 ( + v2 2684 ) ) 128 ) ) ) ( <= v3 v3 ) ) ( >= ( - ( + v4 v3 ) 1 ) ( - ( + v4 v3 ) 1 ) ) ),0,421
1176,( == ( * ( / ( min ( + ( * ( min ( + ( * v1 1000 ) 1000 ) v2 ) 8 ) ( * v3 8 ) ) ( + ( + ( + ( * v1 8000 ) ( * ( / ( + ( * ( min ( + ( * v1 -1000 ) v2 ) 1000 ) 8 ) 1 ) 4004 ) 4004 ) ) ( * v3 8 ) ) 4002 ) ) 8 ) 8 ) ( min ( + ( * ( min ( + ( * v1 1000 ) 1000 ) v2 ) 8 ) ( * v3 8 ) ) ( + ( + ( + ( * v1 8000 ) ( * ( / ( + ( * ( min ( + ( * v1 -1000 ) v2 ) 1000 ) 8 ) 1 ) 4004 ) 4004 ) ) ( * v3 8 ) ) 4002 ) ) ),0,2009
1181,( > ( - 1 ( * ( max ( min v0 249 ) 0 ) 2 ) ) ( + ( * ( - ( max ( min v0 122 ) -127 ) ( max ( min v0 249 ) 0 ) ) 2 ) 255 ) ),0,435
1187,( >= ( - ( min v0 5 ) 5 ) ( - ( + ( - ( min v0 5 ) 5 ) ( - 7 ( min v0 5 ) ) ) 1 ) ),0,72
1196,( == ( - ( + ( * v0 4 ) ( + v1 v2 ) ) 12 ) ( - ( + ( - ( + ( * v0 4 ) ( + v1 v2 ) ) 12 ) ( - 144 ( max ( * v0 4 ) 3 ) ) ) 1 ) ),0,119
1205,( >= 0 ( - ( + 0 ( / ( + ( % ( + v0 v1 ) 32 ) 540 ) 32 ) ) 1 ) ),0,49
1224,( == ( - ( * ( / ( + v0 v1 ) 32 ) 16 ) 37 ) ( - ( + ( - ( * ( / ( + v0 v1 ) 32 ) 16 ) 37 ) ( + ( * v2 16 ) 83 ) ) 1 ) ),0,111
1227,( >= 0 ( - ( + 0 ( / ( + ( % ( + v0 v1 ) 8 ) 94 ) 32 ) ) 1 ) ),0,35
1247,( == 0 ( - ( + 0 ( / ( + ( % ( + v0 v1 ) 16 ) 313 ) 32 ) ) 1 ) ),0,72
1253,( && ( && ( && ( && ( && ( && 1 ( <= ( - ( + 0 ( + ( min v0 4 ) v1 ) ) 9 ) ( - ( + 0 ( + ( min v0 4 ) v1 ) ) 9 ) ) ) ( >= ( - ( + 3 ( + ( * ( / ( + ( max v0 4 ) 11 ) 4 ) 4 ) ( + ( min v0 4 ) v1 ) ) ) 9 ) ( - ( + 3 ( + ( * ( / ( + ( max v0 4 ) 11 ) 4 ) 4 ) ( + ( min v0 4 ) v1 ) ) ) 9 ) ) ) ( <= ( + ( + ( * v2 8 ) ( + ( * v3 32 ) v4 ) ) 7 ) ( + -1 ( + ( * v2 8 ) ( + ( * v3 32 ) v4 ) ) ) ) ) ( >= ( + ( + ( * v2 8 ) ( + ( * v3 32 ) v4 ) ) 14 ) ( + 7 ( + ( + ( * v2 8 ) ( + ( * v3 32 ) v4 ) ) 7 ) ) ) ) ( <= 0 0 ) ) ( >= 13 13 ) ),0,256
1268,( <= ( max 0 ( + ( min ( - 83 ( * ( % v0 8 ) 11 ) ) ( - ( + 0 11 ) 1 ) ) 1 ) ) 0 ),0,70
1272,( && ( && ( && ( && ( && ( && 1 ( <= ( - ( + ( * ( + ( * ( / ( - ( + ( min v0 4 ) v1 ) 4 ) 8 ) 2 ) 0 ) 4 ) 0 ) 5 ) ( - ( * ( + 0 ( / ( - ( + ( min v0 4 ) v1 ) 4 ) 8 ) ) 8 ) 5 ) ) ) ( >= ( - ( + ( * ( + ( * ( / ( - ( + ( min v0 4 ) v1 ) 4 ) 8 ) 2 ) ( + ( * ( - ( + ( / ( + ( + ( min v0 4 ) v1 ) 20 ) 8 ) ( * ( / v2 4 ) 4 ) ) ( / ( - ( + ( min v0 4 ) v1 ) 4 ) 8 ) ) 2 ) 2 ) ) 4 ) 3 ) 5 ) ( + ( * ( + ( - ( + 4 0 ) 1 ) ( + ( / ( - ( + ( min v0 4 ) v1 ) 4 ) 8 ) ( * ( / v2 4 ) 4 ) ) ) 8 ) ( - ( - 11 5 ) 1 ) ) ) ) ( <= ( - ( * v3 8 ) 5 ) ( - ( * v3 8 ) 5 ) ) ) ( >= ( + ( * v3 8 ) ( - ( - 11 5 ) 1 ) ) ( + ( * v3 8 ) ( - ( - 11 5 ) 1 ) ) ) ) ( <= v4 v4 ) ) ( >= v4 v4 ) ),1,471
1284,( == ( + v0 456 ) ( - ( + ( + v0 456 ) ( - 52 ( max ( * v1 38 ) 14 ) ) ) 1 ) ),0,85
1290,( < ( - ( + ( + ( * v0 126 ) v1 ) v2 ) 70 ) ( - ( + ( + ( * v0 126 ) ( + v1 1 ) ) v2 ) 73 ) ),0,70
1291,( < ( - ( * ( + v0 v1 ) 8 ) 50 ) ( - ( min ( max ( * ( + ( + v0 1 ) v1 ) 8 ) ( + ( * v1 8 ) 6 ) ) ( + ( * ( + ( + v0 1 ) v1 ) 8 ) 6 ) ) 67 ) ),0,202
1304,( <= ( + ( - ( max ( * ( min ( - v0 v1 ) 69 ) 8 ) 489 ) 553 ) ( - 555 ( max ( * ( min ( - v0 v1 ) 69 ) 8 ) 489 ) ) ) ( - ( max ( * ( min ( - v0 v1 ) 69 ) 8 ) 489 ) 553 ) ),0,118
1308,( == ( - ( * v0 8 ) 56 ) ( - ( + ( - ( * v0 8 ) 56 ) ( + ( * ( min v1 0 ) 8 ) 20 ) ) 1 ) ),0,88
1316,( >= ( max ( / ( + ( - v0 v1 ) 8 ) 64 ) 0 ) ( - ( + ( max ( / ( + ( - v0 v1 ) 8 ) 64 ) 0 ) ( max ( - ( / ( + ( - v0 v1 ) 71 ) 64 ) ( max ( / ( + ( - v0 v1 ) 8 ) 64 ) 0 ) ) 0 ) ) 1 ) ),0,976
1319,( == 0 ( - ( + 0 ( / ( + ( % ( + v0 v1 ) 4 ) 143 ) 16 ) ) 1 ) ),0,532
1352,( == ( * ( / ( * ( / ( + ( % ( + ( min ( * v0 125 ) ( - v1 125 ) ) v2 ) 8 ) 132 ) 8 ) 8 ) 28 ) 28 ) ( * ( / ( + ( % ( + ( min ( * v0 125 ) ( - v1 125 ) ) v2 ) 8 ) 132 ) 8 ) 8 ) ),0,76
1383,( == ( - 1999 ( max ( * ( + ( * v0 2 ) v1 ) 2 ) 1999 ) ) ( - ( + ( - 1999 ( max ( * ( + ( * v0 2 ) v1 ) 2 ) 1999 ) ) ( - ( max ( * ( + ( * v0 2 ) v1 ) 2 ) 1999 ) 1997 ) ) 1 ) ),0,89
1389,( >= ( - ( max ( min v0 5 ) 2 ) 7 ) ( - ( + ( - ( max ( min v0 5 ) 2 ) 7 ) ( - 12 ( max ( min v0 5 ) 2 ) ) ) 1 ) ),0,77
1392,( >= ( - ( + ( max ( + v0 8 ) v1 ) v2 ) 5 ) ( + ( + ( + ( - v0 1 ) v2 ) 3 ) 1 ) ),1,120
1426,( >= ( - ( + ( min ( * v0 32 ) 220 ) ( + v1 v2 ) ) 5 ) ( - ( + ( - ( + ( min ( * v0 32 ) 220 ) ( + v1 v2 ) ) 5 ) 37 ) 1 ) ),0,72
1427,( >= ( - v3 12 ) ( - ( + ( - v3 12 ) ( + ( - ( max v0 0 ) ( max ( min ( + v1 v2 ) 2007 ) ( + ( max v0 1 ) 13 ) ) ) 14 ) ) 1 ) ),0,1591
1467,( == ( * v0 4 ) ( - ( + ( * v0 4 ) ( - 58 ( max ( * v0 4 ) 54 ) ) ) 1 ) ),0,111
1468,( == ( - ( * ( + ( * v0 3 ) v1 ) 8 ) 13 ) ( - ( + ( - ( * ( + ( * v0 3 ) v1 ) 8 ) 13 ) ( + ( * ( min v2 1 ) 8 ) 21 ) ) 1 ) ),0,152
1470,( <= ( + ( max ( - ( + ( * ( / ( max ( * v0 120 ) 224 ) 4 ) -4 ) ( + ( * v0 120 ) v1 ) ) ( + ( min ( * v0 120 ) 224 ) v1 ) ) -224 ) 344 ) 1024 ),0,1211
1486,( >= ( / ( + ( - ( max ( * ( max ( min ( * ( / ( - ( + v0 v1 ) 1 ) 16 ) 2 ) 247 ) -2 ) 8 ) 1959 ) ( * ( max ( min ( * ( min ( / v1 16 ) 124 ) 2 ) 1 ) -1 ) 8 ) ) 556 ) 508 ) 0 ),1,127
1490,( < ( + ( + ( * v0 3 ) v1 ) 6 ) ( - ( + ( * ( + v0 1 ) 3 ) v1 ) 1 ) ),0,66
1502,( && ( && ( && ( && ( && ( && 1 ( <= ( + ( + ( * v0 4 ) v1 ) 0 ) ( + ( + ( * v0 4 ) 0 ) v1 ) ) ) ( >= ( + ( + ( * v0 4 ) v1 ) 3 ) ( + ( + ( * v0 4 ) ( - ( + 4 0 ) 1 ) ) v1 ) ) ) ( <= ( + ( + ( * 0 63 ) v2 ) 0 ) ( + 0 v2 ) ) ) ( >= ( + ( + ( * 1 63 ) v2 ) 62 ) ( + ( - ( + 125 0 ) 1 ) v2 ) ) ) ( <= 0 0 ) ) ( >= 0 0 ) ),1,201
1513,( == ( * ( / ( * ( min ( + ( * ( % v2 ( / ( + v3 102 ) 16 ) ) 128 ) ( * ( max ( min ( * ( / v1 125 ) 16 ) 286 ) 37 ) 8 ) ) ( + ( * ( max ( min ( * ( / ( + ( + v4 v1 ) 124 ) 125 ) 16 ) 204 ) -45 ) 8 ) 564 ) ) -1 ) 4 ) 4 ) ( * ( min ( + ( * ( % v2 ( / ( + v3 102 ) 16 ) ) 128 ) ( * ( max ( min ( * ( / v1 125 ) 16 ) 286 ) 37 ) 8 ) ) ( + ( * ( max ( min ( * ( / ( + ( + v4 v1 ) 124 ) 125 ) 16 ) 204 ) -45 ) 8 ) 564 ) ) -1 ) ),0,2205
1518,( < ( + v0 3 ) ( min ( max ( / ( - ( + ( min v1 4 ) v2 ) 132 ) 32 ) ( + ( + v0 1 ) 3 ) ) ( - ( + v0 1 ) 4 ) ) ),0,124
1536,( >= ( / ( + ( * ( - ( / ( + ( max ( * ( / ( + ( + v0 v1 ) 64 ) 65 ) 64 ) 1975 ) 40 ) 32 ) ( / ( - ( min ( * ( / v1 65 ) 64 ) 4 ) 6 ) 32 ) ) 32 ) 67 ) 36 ) 0 ),1,108
1593,( == ( - ( * v0 8 ) 32 ) ( - ( + ( - ( * v0 8 ) 32 ) ( + ( * ( min ( - ( - v1 ( * v2 7 ) ) v3 ) 1 ) 8 ) 52 ) ) 1 ) ),0,157
1595,( == ( - ( * v0 2 ) 4 ) ( - ( + ( - ( * v0 2 ) 4 ) ( * ( - v1 v0 ) 2 ) ) 1 ) ),0,78
1609,( == ( - ( * ( + v0 v1 ) 8 ) 32 ) ( - ( + ( - ( * ( + v0 v1 ) 8 ) 32 ) 8 ) 1 ) ),0,53
1611,( >= 0 ( - ( + 0 ( + ( / ( - 81 ( max ( - ( * v0 16 ) v1 ) ( + ( * v2 16 ) 77 ) ) ) 4 ) ( * v2 4 ) ) ) 1 ) ),0,955
1612,( >= 0 ( - ( + 0 ( + ( - ( - ( - ( - ( / ( min ( * ( + ( + ( * ( + ( / v0 500 ) ( * v1 3 ) ) 2 ) ( * v2 3 ) ) v3 ) 4 ) ( + ( * ( / ( + ( + v4 v0 ) 499 ) 500 ) 8 ) 36 ) ) 4 ) v3 ) ( * v2 3 ) ) ( * v1 6 ) ) ( * ( / v0 500 ) 2 ) ) 1 ) ) 1 ) ),0,2239
1616,( >= ( / ( + ( - ( max ( + v0 v1 ) 2000 ) ( min v1 0 ) ) 151 ) 128 ) 0 ),1,58
1662,( == 0 ( - ( + 0 ( / ( + ( % ( + v0 v1 ) 16 ) 188 ) 64 ) ) 1 ) ),0,64
1667,( == ( * ( / ( * ( min ( + ( * v1 16 ) ( * v2 8 ) ) ( + ( * ( min ( + ( * v1 2 ) v2 ) ( + v3 3 ) ) 8 ) 12 ) ) -1 ) 4 ) 4 ) ( * ( min ( + ( * v1 16 ) ( * v2 8 ) ) ( + ( * ( min ( + ( * v1 2 ) v2 ) ( + v3 3 ) ) 8 ) 12 ) ) -1 ) ),0,1458
1692,( == ( * ( min ( / v0 4 ) 0 ) 4 ) ( - ( + ( * ( min ( / v0 4 ) 0 ) 4 ) ( + ( * v1 4 ) 4 ) ) 1 ) ),0,104
1696,( <= ( max 0 ( + ( min ( - 114 ( * ( % v0 4 ) 29 ) ) ( - ( + 0 29 ) 1 ) ) 1 ) ) 0 ),0,65
1699,( == ( - ( * ( + ( * v0 3 ) v1 ) 8 ) 13 ) ( - ( + ( - ( * ( + ( * v0 3 ) v1 ) 8 ) 13 ) ( + ( * ( min v2 1 ) 8 ) 19 ) ) 1 ) ),0,143
1708,( == ( - ( * ( + ( * v0 3 ) v1 ) 8 ) 32 ) ( - ( + ( - ( * ( + ( * v0 3 ) v1 ) 8 ) 32 ) ( + ( * ( min v2 -2 ) 8 ) 40 ) ) 1 ) ),0,125
1718,( >= ( - ( + ( + v0 v1 ) v2 ) 5 ) ( + ( + ( + ( + ( - v0 1 ) v1 ) v2 ) 1 ) 1 ) ),0,70
1727,( && ( && ( && ( && ( && ( && 1 ( <= ( - ( + 0 ( + ( * v0 4 ) v1 ) ) 2 ) ( - ( + ( + ( * v0 4 ) v1 ) 0 ) 2 ) ) ) ( >= ( - ( + 3 ( + ( + ( * v0 4 ) v1 ) 8 ) ) 2 ) ( + ( + ( + ( * v0 4 ) v1 ) ( - ( + 4 0 ) 1 ) ) ( - ( - 6 2 ) 1 ) ) ) ) ( <= ( - ( max ( * v2 8 ) ( + v3 4 ) ) 1 ) ( + -2 v3 ) ) ) ( >= ( + v3 3 ) ( + ( - ( - 6 2 ) 1 ) v3 ) ) ) ( <= v4 v4 ) ) ( >= v4 v4 ) ),0,151
1753,( == ( - ( + v0 v1 ) 7 ) ( - ( + ( - ( + v0 v1 ) 7 ) 138 ) 1 ) ),0,52
1766,( < ( - ( + v0 v1 ) 1 ) ( - ( + ( + v0 1 ) v1 ) 6 ) ),0,50
1776,( >= ( / ( + ( - ( max v0 2000 ) ( min v1 0 ) ) 131 ) 132 ) 0 ),1,40
1837,( >= ( / ( + ( - ( / ( + ( + v0 v1 ) 3 ) 4 ) v2 ) 1 ) 4 ) ( / ( - ( - ( / ( + ( + v0 v1 ) 7 ) 4 ) v2 ) 1 ) 4 ) ),0,1105
1854,( >= ( max ( / ( + v0 9 ) 4 ) 0 ) ( - ( + ( max ( / ( + v0 9 ) 4 ) 0 ) ( + ( - ( max ( / v0 4 ) -3 ) ( max ( / ( + v0 9 ) 4 ) 0 ) ) 3 ) ) 1 ) ),0,755
1898,( == ( + ( * v0 8 ) 6 ) ( - ( + ( + ( * v0 8 ) 6 ) 2 ) 1 ) ),0,39
1904,( >= ( - ( * ( max ( min ( + v0 v1 ) 0 ) -7 ) 8 ) 4 ) ( - ( + ( - ( * ( max ( min ( + v0 v1 ) 0 ) -7 ) 8 ) 4 ) ( - 9 ( * ( max ( min ( + v0 v1 ) 0 ) -7 ) 8 ) ) ) 1 ) ),0,115
1938,( == ( * ( / ( * ( min ( * ( min ( + ( * v1 32 ) ( + ( * ( / v2 65 ) 8 ) ( * v3 92 ) ) ) ( + v4 14 ) ) 8 ) ( + ( * v1 256 ) ( + ( + ( * ( / v2 65 ) 64 ) ( * v3 736 ) ) 7 ) ) ) -1 ) 4 ) 4 ) ( * ( min ( * ( min ( + ( * v1 32 ) ( + ( * ( / v2 65 ) 8 ) ( * v3 92 ) ) ) ( + v4 14 ) ) 8 ) ( + ( * v1 256 ) ( + ( + ( * ( / v2 65 ) 64 ) ( * v3 736 ) ) 7 ) ) ) -1 ) ),0,2171
1951,( && ( && ( && ( && ( && ( && 1 ( <= ( - ( max ( + v0 6 ) ( + ( * v1 125 ) v2 ) ) 4 ) ( - v0 4 ) ) ) ( >= ( + v0 2 ) ( + v0 2 ) ) ) ( <= ( - ( min v3 0 ) 14 ) ( + -4 ( - ( min v3 0 ) 10 ) ) ) ) ( >= ( + ( + ( min v3 0 ) ( * ( / ( + v4 15 ) 16 ) 16 ) ) 9 ) ( + 2 ( + ( + ( min v3 0 ) ( * ( / ( + v4 15 ) 16 ) 16 ) ) 7 ) ) ) ) ( <= ( + ( * v5 4 ) 0 ) ( + ( * v5 4 ) 0 ) ) ) ( >= ( + ( * v5 4 ) 3 ) ( + ( * v5 4 ) 3 ) ) ),0,259
1958,( && ( && ( && ( && ( && ( && 1 ( <= ( + ( + ( + v0 v1 ) 0 ) 2 ) ( + ( + v0 v1 ) 2 ) ) ) ( >= ( + ( + ( + v0 v1 ) 3 ) 2 ) ( + ( + v0 v1 ) 2 ) ) ) ( <= ( - ( * ( / v2 4 ) 4 ) 8 ) ( - ( + ( * ( + ( / v2 4 ) 0 ) 4 ) 0 ) 8 ) ) ) ( >= ( + ( * ( / v2 4 ) 4 ) 147 ) ( - ( + ( * ( + ( / v2 4 ) 38 ) 4 ) 3 ) 8 ) ) ) ( <= 0 0 ) ) ( >= 5 5 ) ),1,214
1967,( < ( + ( + ( min ( * v0 8 ) 119 ) ( + ( * v1 2 ) v2 ) ) v3 ) ( + ( + ( min ( * v0 8 ) 119 ) ( + ( * v1 2 ) ( + v2 1 ) ) ) v3 ) ),1,91
1985,( == ( + ( + v0 v1 ) 56 ) ( - ( + ( + ( + v0 v1 ) 56 ) 69 ) 1 ) ),0,55
1990,( == ( - ( * ( max ( min ( + ( * v0 3 ) v1 ) 1244 ) 245 ) 2 ) 494 ) ( - ( + ( - ( * ( max ( min ( + ( * v0 3 ) v1 ) 1244 ) 245 ) 2 ) 494 ) ( + ( * v2 2 ) 10 ) ) 1 ) ),0,172
1992,( >= ( max ( / ( + ( min ( - v0 v1 ) 127 ) 6 ) 68 ) 0 ) ( - ( + ( max ( / ( + ( min ( - v0 v1 ) 127 ) 6 ) 68 ) 0 ) ( - ( / ( + ( min ( - v0 v1 ) 127 ) 73 ) 68 ) ( max ( / ( + ( min ( - v0 v1 ) 127 ) 6 ) 68 ) 0 ) ) ) 1 ) ),1,163
1998,( && ( && ( && ( && ( && ( && 1 ( <= ( + ( + ( * v0 126 ) v1 ) 1 ) ( + ( + v1 ( * v0 126 ) ) 1 ) ) ) ( >= ( + ( + ( min ( * v0 126 ) 125 ) v1 ) 126 ) ( + ( + v1 ( + ( min ( * v0 126 ) 125 ) 125 ) ) 1 ) ) ) ( <= ( - ( max ( + v2 12 ) v3 ) 4 ) ( + -4 v2 ) ) ) ( >= ( + v2 8 ) ( + ( - ( - 13 4 ) 1 ) v2 ) ) ) ( <= ( + ( * 0 4 ) 0 ) ( + ( * 0 4 ) 0 ) ) ) ( >= ( + ( * 5 4 ) 3 ) ( + ( * 5 4 ) ( - ( + 4 0 ) 1 ) ) ) ),0,283
2050,( == 0 ( - ( + 0 ( + ( max ( min ( * ( - ( / ( max ( / ( + ( + v0 v1 ) 7 ) 8 ) 255 ) 16 ) v2 ) 4 ) 14 ) -10 ) 10 ) ) 1 ) ),0,167
2051,( <= ( + ( max ( - ( + ( * ( / ( max ( * v0 16 ) 236 ) 4 ) -4 ) ( + ( * v0 16 ) v1 ) ) ( + ( min ( * v0 16 ) 236 ) v1 ) ) -234 ) 254 ) 1024 ),0,1114
2063,( == ( - ( min ( * ( max ( - v0 v1 ) 3 ) 16 ) 72 ) 77 ) ( - ( + ( - ( min ( * ( max ( - v0 v1 ) 3 ) 16 ) 72 ) 77 ) ( - 83 ( min ( * ( max ( - v0 v1 ) 3 ) 16 ) 72 ) ) ) 1 ) ),0,113
2074,( >= ( - ( * ( max ( min ( * v0 4 ) 9 ) 6 ) 4 ) 37 ) ( - ( + ( - ( * ( max ( min ( * v0 4 ) 9 ) 6 ) 4 ) 37 ) ( - 43 ( * ( max ( min ( * v0 4 ) 9 ) 6 ) 4 ) ) ) 1 ) ),0,95
2078,( >= ( / ( + ( - ( max ( * ( / ( + ( + v0 v1 ) 64 ) 65 ) 64 ) 1975 ) ( min ( * ( / v1 65 ) 64 ) 4 ) ) 1012 ) 1000 ) 0 ),1,84
2081,( && ( && ( && ( && ( && ( && 1 ( <= ( - ( + ( + ( * 0 4 ) v0 ) 0 ) 5 ) ( - ( + ( + ( * 0 4 ) 0 ) v0 ) 5 ) ) ) ( >= ( - ( + ( + ( * 2 4 ) v0 ) 3 ) 5 ) ( - ( + ( + ( * 2 4 ) ( - ( + 4 0 ) 1 ) ) v0 ) 5 ) ) ) ( <= ( - ( max ( + v1 8 ) v2 ) 1 ) ( + -1 v1 ) ) ) ( >= ( + v1 7 ) ( + ( - ( - 9 1 ) 1 ) v1 ) ) ) ( <= 0 0 ) ) ( >= 0 0 ) ),0,205
2084,( >= ( - ( * ( max ( min v0 2 ) -3 ) 32 ) 68 ) ( - ( + ( - ( * ( max ( min v0 2 ) -3 ) 32 ) 68 ) ( - 72 ( * ( max ( min v0 2 ) -3 ) 32 ) ) ) 1 ) ),0,99
2101,( >= ( - ( min v0 18 ) 20 ) ( - ( + ( - ( min v0 18 ) 20 ) ( - 25 ( min v0 18 ) ) ) 1 ) ),0,78
2114,( == ( - ( * ( + ( * ( + v0 v1 ) 4 ) v2 ) 2 ) 10 ) ( - ( + ( - ( * ( + ( * ( + v0 v1 ) 4 ) v2 ) 2 ) 10 ) 2 ) 1 ) ),0,126
2143,( < ( + ( + ( min ( * v0 32 ) 93 ) ( + ( * v1 16 ) v2 ) ) v3 ) ( + ( + ( min ( * v0 32 ) 93 ) ( + ( * v1 16 ) ( + v2 1 ) ) ) v3 ) ),1,103
2159,( >= ( + ( * ( + v0 v1 ) 8 ) v2 ) ( + ( + ( * ( + ( - v0 1 ) v1 ) 8 ) v2 ) 1 ) ),1,101
2164,( >= ( - ( * ( max ( min v0 53 ) 45 ) 8 ) 428 ) ( - ( + ( - ( * ( max ( min v0 53 ) 45 ) 8 ) 428 ) ( - 434 ( * ( max ( min v0 53 ) 45 ) 8 ) ) ) 1 ) ),0,81
2167,( <= ( max 0 ( + ( min ( / ( + ( % v0 4 ) 207 ) 48 ) ( - ( + 0 6 ) 1 ) ) 1 ) ) 0 ),0,55
2170,( == ( - ( * ( min ( * ( - ( + ( / v0 32 ) v1 ) v2 ) 4 ) 63 ) -8 ) 36 ) ( - ( + ( - ( * ( min ( * ( - ( + ( / v0 32 ) v1 ) v2 ) 4 ) 63 ) -8 ) 36 ) ( + ( * ( min ( * ( - ( + ( / v0 32 ) v1 ) v2 ) 4 ) 63 ) 8 ) 40 ) ) 1 ) ),0,178
2172,( < ( + ( + ( min ( * v0 16 ) 109 ) ( + ( * v1 8 ) v2 ) ) v3 ) ( + ( + ( min ( * v0 16 ) 109 ) ( + ( * v1 8 ) ( + v2 1 ) ) ) v3 ) ),1,102
2230,( <= ( + v0 2 ) ( - ( - ( - v0 1 ) 2 ) 1 ) ),0,41
2236,( == ( - ( * ( + ( * v0 3 ) v1 ) 8 ) 56 ) ( - ( + ( - ( * ( + ( * v0 3 ) v1 ) 8 ) 56 ) 20 ) 1 ) ),0,65
2254,( == ( - ( * v0 8 ) 24 ) ( - ( + ( - ( * v0 8 ) 24 ) ( + ( * ( - v1 v0 ) 8 ) 6 ) ) 1 ) ),0,60
2281,( >= ( - ( max ( min v0 7 ) -6 ) 9 ) ( - ( + ( - ( max ( min v0 7 ) -6 ) 9 ) ( - 11 ( max ( min v0 7 ) -6 ) ) ) 1 ) ),0,80
2289,( >= ( - ( + v0 v1 ) 5 ) ( + ( + ( + ( - v0 1 ) v1 ) 4 ) 1 ) ),0,81
2305,( >= ( + ( max ( / ( - v0 v1 ) 4 ) -8 ) 8 ) ( - ( + ( + ( max ( / ( - v0 v1 ) 4 ) -8 ) 8 ) ( - ( - ( / ( + ( - v0 v1 ) 35 ) 4 ) ( max ( / ( - v0 v1 ) 4 ) -8 ) ) 8 ) ) 1 ) ),1,188
2309,( <= ( max 0 ( + ( min ( - 63 ( * ( max ( min ( min ( + ( max ( min ( + ( min ( * v0 12 ) 11 ) v1 ) 31 ) 0 ) ( * v2 2 ) ) ( + ( max ( min ( + ( min ( * v0 12 ) 11 ) v1 ) 20 ) -11 ) 12 ) ) 31 ) 30 ) 2 ) ) ( - ( + 0 ( + ( * ( max ( min v3 31 ) 30 ) -2 ) 64 ) ) 1 ) ) 1 ) ) 0 ),0,197
2315,( == ( - ( + ( * v0 32 ) ( + v1 v2 ) ) 4 ) ( - ( + ( - ( + ( * v0 32 ) ( + v1 v2 ) ) 4 ) ( - 510 ( max ( * v0 32 ) 471 ) ) ) 1 ) ),0,97
2318,( == ( - ( * ( + ( * ( + v0 v1 ) 4 ) v2 ) 2 ) 10 ) ( - ( + ( - ( * ( + ( * ( + v0 v1 ) 4 ) v2 ) 2 ) 10 ) 2 ) 1 ) ),0,75
2322,( == ( - ( * ( / v0 65 ) 8 ) 9 ) ( - ( + ( - ( * ( / v0 65 ) 8 ) 9 ) ( + ( * v1 8 ) 20 ) ) 1 ) ),0,83
2335,( == ( + ( min ( * ( max v0 -2 ) 2 ) -3 ) 2 ) ( - ( + ( + ( min ( * ( max v0 -2 ) 2 ) -3 ) 2 ) ( - 0 ( min ( * ( max v0 -2 ) 2 ) -3 ) ) ) 1 ) ),0,125
2337,( == ( - ( * ( + ( * v0 16 ) v1 ) 2 ) 33 ) ( - ( + ( - ( * ( + ( * v0 16 ) v1 ) 2 ) 33 ) ( + ( * ( min ( - v2 v1 ) 1 ) 2 ) 30 ) ) 1 ) ),0,143
2342,( <= ( + ( max ( - ( * ( + ( + ( * v0 125 ) v1 ) ( + ( * v2 63 ) v3 ) ) 2 ) ( max ( * ( + ( * v2 63 ) ( + ( * v0 125 ) v1 ) ) 2 ) ( + ( * ( + ( + ( * v2 63 ) v3 ) ( + ( * v0 125 ) v1 ) ) 2 ) 1 ) ) ) 0 ) 3 ) 1024 ),0,1858
2349,( == -4 ( - ( + -4 ( - 254 ( max ( min ( * v0 8 ) 254 ) 244 ) ) ) 1 ) ),0,66
2353,( >= ( - ( + v0 v1 ) 3 ) ( + ( + ( + ( - v0 1 ) v1 ) 2 ) 1 ) ),0,100
2375,( && ( && ( && ( && ( && ( && 1 ( <= ( - ( + -7 v0 ) 294 ) ( - v0 301 ) ) ) ( >= ( - ( + 132 v0 ) 294 ) ( - v0 162 ) ) ) ( <= ( - ( + ( + v1 v2 ) 0 ) 294 ) ( - ( + v1 v2 ) 301 ) ) ) ( >= ( - ( + ( + v1 v2 ) 3 ) 294 ) ( - ( + v1 v2 ) 294 ) ) ) ( <= 0 0 ) ) ( >= 2 2 ) ),0,166
2381,( >= ( max ( / ( + ( - ( max v0 0 ) v1 ) 1 ) 16 ) 0 ) ( - ( + ( max ( / ( + ( - ( max v0 0 ) v1 ) 1 ) 16 ) 0 ) ( + ( - ( / ( - ( max v0 0 ) v1 ) 16 ) ( max ( / ( + ( - ( max v0 0 ) v1 ) 1 ) 16 ) 0 ) ) 1 ) ) 1 ) ),1,180
2396,( <= ( + ( max ( - ( max ( / ( + v0 70 ) 8 ) ( + ( min ( / ( + v0 54 ) 8 ) ( + ( / v0 8 ) ( * ( / ( + ( % v0 8 ) 70 ) 24 ) 3 ) ) ) 2 ) ) ( / v0 8 ) ) ( - ( max ( / ( + ( + ( min ( * v1 63 ) 937 ) v0 ) 70 ) 8 ) ( + ( min ( / ( + ( + ( min ( * v1 63 ) 937 ) v0 ) 54 ) 8 ) ( + ( / ( + ( + ( * v1 63 ) v0 ) 15 ) 8 ) ( * ( / ( - ( / ( + ( + ( min ( * v1 63 ) 937 ) v0 ) 70 ) 8 ) ( / ( + ( + ( * v1 63 ) v0 ) 15 ) 8 ) ) 3 ) 3 ) ) ) 2 ) ) ( / ( + ( min ( * v1 63 ) 937 ) v0 ) 8 ) ) ) 1 ) 1024 ),0,4858
2449,( >= ( - ( * ( max ( min v0 134 ) 65 ) 8 ) 1075 ) ( - ( + ( - ( * ( max ( min v0 134 ) 65 ) 8 ) 1075 ) ( - 1081 ( * ( max ( min v0 134 ) 65 ) 8 ) ) ) 1 ) ),0,91
2465,( == -79 ( - ( + -79 ( - 86 ( max ( * v0 4 ) 3 ) ) ) 1 ) ),0,64
2471,( <= ( max 0 ( + ( min ( / ( + ( % ( + ( min ( * v0 1000 ) ( - v1 1000 ) ) v2 ) 2 ) 497 ) 4 ) ( - ( + 0 126 ) 1 ) ) 1 ) ) 0 ),0,72
2519,( <= ( max 0 ( + ( min ( / ( + ( % ( + ( min ( * v0 125 ) ( - v1 125 ) ) v2 ) 8 ) 108 ) 32 ) ( - ( + 0 5 ) 1 ) ) 1 ) ) 0 ),0,81
2522,( && ( && ( && ( && ( && ( && 1 ( <= ( + 0 ( - ( min ( max ( * ( / ( - ( + ( min v0 4 ) v1 ) 4 ) 8 ) 8 ) ( + ( * v2 8 ) 9 ) ) ( + ( * v2 8 ) 13 ) ) 8 ) ) ( - ( - ( + ( * ( + ( * v2 2 ) 0 ) 4 ) 0 ) 3 ) 5 ) ) ) ( >= ( + 3 ( - ( min ( + ( max ( * ( / ( - ( + ( min v0 4 ) v1 ) 4 ) 8 ) 8 ) ( + ( * v2 8 ) 9 ) ) ( * ( / ( - 16 ( max ( * ( - ( / ( - ( + ( min v0 4 ) v1 ) 4 ) 8 ) v2 ) 8 ) 9 ) ) 4 ) 4 ) ) ( + ( * v2 8 ) 13 ) ) 8 ) ) ( - ( + ( + ( * ( + ( * v2 2 ) 3 ) 4 ) 3 ) 1 ) 5 ) ) ) ( <= ( - ( * ( / v3 8 ) 8 ) 5 ) ( - ( * ( / v3 8 ) 8 ) 5 ) ) ) ( >= ( + ( * ( + ( / v3 8 ) ( / ( + ( % v3 8 ) 132 ) 8 ) ) 8 ) 7 ) ( + ( * ( + ( / v3 8 ) ( / ( + ( % v3 8 ) 132 ) 8 ) ) 8 ) 7 ) ) ) ( <= 0 0 ) ) ( >= 2 2 ) ),0,650
2527,( == ( - ( + v0 v1 ) 14 ) ( - ( + ( - ( + v0 v1 ) 14 ) 141 ) 1 ) ),0,47
2534,( == ( - ( * v0 8 ) 29 ) ( - ( + ( - ( * v0 8 ) 29 ) ( + ( * ( min ( - ( - ( / ( + ( + v1 v2 ) 7 ) 8 ) ( * v3 16 ) ) ( / v2 8 ) ) 15 ) 8 ) 83 ) ) 1 ) ),0,224
2545,( >= ( - ( + ( * v0 8 ) v1 ) 1 ) ( + ( + ( + ( * ( - v0 1 ) 8 ) v1 ) 1 ) 1 ) ),1,98
2552,( == ( + ( * v0 8 ) 1507 ) ( - ( + ( + ( * v0 8 ) 1507 ) 491 ) 1 ) ),0,42
2553,( >= 0 ( - ( + 0 ( - 76 ( max ( * ( % v0 8 ) 10 ) 66 ) ) ) 1 ) ),0,55
2560,( == ( - ( * v0 8 ) 13 ) ( - ( + ( - ( * v0 8 ) 13 ) ( + ( * ( min v1 -3 ) 8 ) 165 ) ) 1 ) ),0,93
2606,( >= 0 ( - ( + 0 ( / ( + ( % ( + v0 v1 ) 8 ) 571 ) 32 ) ) 1 ) ),0,64
2616,( >= ( max ( / ( + ( - ( max v0 0 ) v1 ) 1 ) 62 ) 0 ) ( - ( + ( max ( / ( + ( - ( max v0 0 ) v1 ) 1 ) 62 ) 0 ) ( - ( / ( + ( - ( max v0 0 ) v1 ) 63 ) 62 ) ( max ( / ( + ( - ( max v0 0 ) v1 ) 1 ) 62 ) 0 ) ) ) 1 ) ),1,145
2617,( && ( && ( && ( && ( && ( && 1 ( <= ( - ( + ( + ( * 0 64 ) v0 ) 0 ) 1 ) ( - v0 1 ) ) ) ( >= ( - ( + ( + ( * 3 64 ) v0 ) 63 ) 1 ) ( + v0 251 ) ) ) ( <= ( + ( * ( + ( * v1 2 ) v2 ) 4 ) 0 ) ( * ( + ( * v1 2 ) v2 ) 4 ) ) ) ( >= ( + ( * ( + ( * v1 2 ) v2 ) 4 ) 3 ) ( + ( * ( + ( * v1 2 ) v2 ) 4 ) 3 ) ) ) ( <= ( * v3 3 ) ( * v3 3 ) ) ) ( >= ( + ( * v3 3 ) 2 ) ( - ( + 3 ( * v3 3 ) ) 1 ) ) ),1,205
2647,( < ( + ( + ( * v0 64 ) v1 ) 624 ) ( - ( + ( * v0 64 ) ( + v1 1 ) ) 56 ) ),0,63
2653,( == ( - ( + ( * v0 2 ) v1 ) 3 ) ( - ( + ( - ( + ( * v0 2 ) v1 ) 3 ) 2 ) 1 ) ),0,57
2672,( < ( + ( + ( min ( * v0 16 ) 47 ) ( + ( * v1 8 ) v2 ) ) v3 ) ( + ( + ( min ( * v0 16 ) 47 ) ( + ( * v1 8 ) ( + v2 1 ) ) ) v3 ) ),1,91
2676,( == ( - ( * ( + ( * v0 8 ) v1 ) 4 ) 4 ) ( - ( + ( - ( * ( + ( * v0 8 ) v1 ) 4 ) 4 ) ( + ( * ( min v2 4 ) 4 ) 16 ) ) 1 ) ),0,134
2681,( && ( && ( && ( && ( && ( && 1 ( <= ( max ( - v0 1 ) v1 ) ( / ( - ( + ( * ( + ( * v1 8 ) 0 ) 4 ) 0 ) 6 ) 32 ) ) ) ( >= v1 ( / ( - ( + ( * ( + ( * v1 8 ) 3 ) 4 ) 3 ) 6 ) 32 ) ) ) ( <= ( - ( + ( * ( + ( * ( / v2 63 ) 2 ) 0 ) 4 ) 0 ) 6 ) ( - ( * ( / v2 63 ) 8 ) 6 ) ) ) ( >= ( - ( + ( * ( + ( * ( / v2 63 ) 2 ) ( + ( * ( / v3 8 ) 16 ) 17 ) ) 4 ) 3 ) 6 ) ( + ( * ( + ( / v2 63 ) ( * ( / v3 8 ) 8 ) ) 8 ) 65 ) ) ) ( <= v4 v4 ) ) ( >= ( - ( + v5 v4 ) 1 ) ( - ( + v5 v4 ) 1 ) ) ),0,636
2682,( == ( - ( * v0 8 ) 52 ) ( - ( + ( - ( * v0 8 ) 52 ) ( + ( * ( min v1 10 ) 8 ) 59 ) ) 1 ) ),0,86
2688,( == -5 ( - ( + -5 ( - 311 ( max ( * v0 8 ) 302 ) ) ) 1 ) ),0,64
2698,( == ( * ( / ( min ( * ( min ( + ( * v3 128 ) ( + ( / v2 4 ) 127 ) ) ( / ( + ( + v1 v2 ) 3 ) 4 ) ) 4 ) ( + ( * ( + ( + ( * ( / ( + ( min ( + ( * v3 -128 ) ( - ( / ( + ( + v1 v2 ) 3 ) 4 ) ( / v2 4 ) ) ) 127 ) 1 ) 64 ) 64 ) ( * v3 128 ) ) ( / v2 4 ) ) 4 ) 250 ) ) 4 ) 4 ) ( min ( * ( min ( + ( * v3 128 ) ( + ( / v2 4 ) 127 ) ) ( / ( + ( + v1 v2 ) 3 ) 4 ) ) 4 ) ( + ( * ( + ( + ( * ( / ( + ( min ( + ( * v3 -128 ) ( - ( / ( + ( + v1 v2 ) 3 ) 4 ) ( / v2 4 ) ) ) 127 ) 1 ) 64 ) 64 ) ( * v3 128 ) ) ( / v2 4 ) ) 4 ) 250 ) ) ),0,3664
2706,( <= ( / ( + v0 v1 ) 16 ) ( - ( / ( + ( - v0 1 ) v1 ) 16 ) 1 ) ),0,69
2710,( == ( - ( * ( + ( * ( + v0 v1 ) 4 ) v2 ) 8 ) 194 ) ( - ( + ( - ( * ( + ( * ( + v0 v1 ) 4 ) v2 ) 8 ) 194 ) 8 ) 1 ) ),0,77
2718,( == ( - ( * ( max ( min ( / v0 8 ) 249 ) 0 ) 8 ) 6 ) ( - ( + ( - ( * ( max ( min ( / v0 8 ) 249 ) 0 ) 8 ) 6 ) ( + ( * v1 8 ) 13 ) ) 1 ) ),0,172
2762,( >= ( + ( * v0 8 ) v1 ) ( + ( + ( * ( - v0 1 ) 8 ) v1 ) 1 ) ),1,58
2799,( >= ( max ( / ( + ( - v0 v1 ) 32 ) 1028 ) 0 ) ( - ( + ( max ( / ( + ( - v0 v1 ) 32 ) 1028 ) 0 ) ( max ( - ( / ( + ( - v0 v1 ) 1059 ) 1028 ) ( max ( / ( + ( - v0 v1 ) 32 ) 1028 ) 0 ) ) 0 ) ) 1 ) ),0,985
2802,( == ( - ( * ( / ( + v0 v1 ) 8 ) 8 ) 5 ) ( - ( + ( - ( * ( / ( + v0 v1 ) 8 ) 8 ) 5 ) ( + ( * v2 8 ) 13 ) ) 1 ) ),0,134
2816,( >= ( / ( + ( - ( max ( * ( max ( min ( * ( / ( - ( + v0 v1 ) 1 ) 16 ) 2 ) 247 ) -2 ) 8 ) 1959 ) ( * ( max ( min ( * ( min ( / v1 16 ) 124 ) 2 ) 1 ) -1 ) 8 ) ) 1061 ) 1013 ) 0 ),1,143
2834,( >= 0 ( - ( + 0 ( - 41 ( max ( * ( % v0 4 ) 11 ) 30 ) ) ) 1 ) ),0,49
2849,( >= ( - ( min ( * ( max v0 -1 ) 4 ) -1 ) 9 ) ( - ( + ( - ( min ( * ( max v0 -1 ) 4 ) -1 ) 9 ) ( - 12 ( min ( * ( max v0 -1 ) 4 ) -1 ) ) ) 1 ) ),0,101
2858,( < ( + ( + ( min ( * v0 29 ) 56 ) ( + ( min ( * v1 15 ) 14 ) ( + ( min ( * v2 2 ) 13 ) v3 ) ) ) v4 ) ( + ( + ( min ( * v0 29 ) 56 ) ( + ( min ( * v1 15 ) 14 ) ( + ( min ( * v2 2 ) 13 ) ( + v3 1 ) ) ) ) v4 ) ),1,152
2876,( == v0 ( - ( + v0 2 ) 1 ) ),0,711
2888,( == ( * ( / ( min ( + ( min ( * v1 8 ) 4 ) ( + ( * ( / v2 65 ) 8 ) 72 ) ) ( + ( * v3 -84 ) ( * ( / ( - ( + v4 v2 ) 1 ) 65 ) 8 ) ) ) 4 ) 4 ) ( min ( + ( min ( * v1 8 ) 4 ) ( + ( * ( / v2 65 ) 8 ) 72 ) ) ( + ( * v3 -84 ) ( * ( / ( - ( + v4 v2 ) 1 ) 65 ) 8 ) ) ) ),0,1574
2904,( == ( - ( * ( + ( * v0 16 ) v1 ) 2 ) 558 ) ( - ( + ( - ( * ( + ( * v0 16 ) v1 ) 2 ) 558 ) ( + ( * ( max ( * v0 16 ) 79 ) -2 ) 194 ) ) 1 ) ),0,131
2905,( == ( - ( * v0 8 ) 1 ) ( - ( + ( - ( * v0 8 ) 1 ) ( + ( * ( - v1 v0 ) 8 ) 20 ) ) 1 ) ),0,91
2921,( && ( && ( && ( && ( && ( && 1 ( <= ( - ( max ( * ( / ( - ( + ( min v0 4 ) v1 ) 4 ) 63 ) 64 ) ( + ( min ( * v2 -64 ) 96 ) ( * ( + ( / ( - ( + ( min v0 4 ) v1 ) 4 ) 63 ) v2 ) 64 ) ) ) 45 ) ( + ( * ( - ( * ( / ( - ( + ( min v0 4 ) v1 ) 4 ) 63 ) 8 ) 5 ) 8 ) ( max ( - ( min ( * v2 -64 ) 96 ) 101 ) -5 ) ) ) ) ( >= ( + ( * ( + ( / ( - ( + ( min v0 4 ) v1 ) 4 ) 63 ) v2 ) 64 ) 61 ) ( + ( * ( - ( + ( + ( * v2 8 ) 13 ) ( - ( * ( / ( - ( + ( min v0 4 ) v1 ) 4 ) 63 ) 8 ) 5 ) ) 1 ) 8 ) 5 ) ) ) ( <= ( - ( max ( * v3 64 ) ( + ( * v4 8 ) 43 ) ) 45 ) ( - ( * v4 8 ) 5 ) ) ) ( >= ( + ( * v4 8 ) 5 ) ( + ( * v4 8 ) ( - ( - 11 5 ) 1 ) ) ) ) ( <= ( + ( * ( + ( * v5 2 ) v6 ) 4 ) 0 ) ( * ( + ( * v5 2 ) v6 ) 4 ) ) ) ( >= ( + ( * ( + ( * v5 2 ) v6 ) 4 ) 3 ) ( + ( * ( + ( * v5 2 ) v6 ) 4 ) 3 ) ) ),0,558
2924,( >= ( max ( / ( + ( * ( - v0 v1 ) 8 ) 44 ) 1044 ) 0 ) ( - ( + ( max ( / ( + ( * ( - v0 v1 ) 8 ) 44 ) 1044 ) 0 ) ( - ( / ( + ( * ( - v0 v1 ) 8 ) 1091 ) 1044 ) ( max ( / ( + ( * ( - v0 v1 ) 8 ) 44 ) 1044 ) 0 ) ) ) 1 ) ),0,1565
2925,( == ( + ( * v0 4 ) v1 ) ( - ( + ( + ( * v0 4 ) v1 ) ( - 63 ( max ( * v0 4 ) 59 ) ) ) 1 ) ),0,114
2927,( >= ( - v0 2 ) ( + ( + ( - v0 1 ) 3 ) 1 ) ),0,50
2943,( == ( * ( min v0 0 ) 4 ) ( - ( + ( * ( min v0 0 ) 4 ) ( + ( * v1 4 ) 4 ) ) 1 ) ),0,80
2966,( == ( * ( / ( * ( min ( + ( * v2 1024 ) ( * ( / v1 32 ) 32 ) ) ( + ( * ( min ( + ( * v2 32 ) ( - ( / v1 32 ) 1 ) ) ( / ( - ( + v3 v1 ) 1 ) 32 ) ) 32 ) 76 ) ) -1 ) 4 ) 4 ) ( * ( min ( + ( * v2 1024 ) ( * ( / v1 32 ) 32 ) ) ( + ( * ( min ( + ( * v2 32 ) ( - ( / v1 32 ) 1 ) ) ( / ( - ( + v3 v1 ) 1 ) 32 ) ) 32 ) 76 ) ) -1 ) ),0,3110
2975,( == ( - ( * ( max ( min ( + v0 v1 ) 249 ) 0 ) 8 ) 12 ) ( - ( + ( - ( * ( max ( min ( + v0 v1 ) 249 ) 0 ) 8 ) 12 ) 19 ) 1 ) ),0,107
2985,( == ( * ( / ( min ( - ( max ( + ( max ( min ( + ( * v1 128 ) v2 ) ( - ( min ( + v3 v2 ) 2000 ) 128 ) ) -127 ) 11 ) ( + ( min ( * v1 128 ) ( - v3 128 ) ) v2 ) ) ( min ( min ( - ( max ( min ( + ( * v1 128 ) v2 ) ( - ( min ( + v3 v2 ) 2127 ) 128 ) ) 0 ) 11 ) ( + ( * v1 128 ) v2 ) ) ( - ( + v3 v2 ) 128 ) ) ) -96 ) 4 ) 4 ) ( min ( - ( max ( + ( max ( min ( + ( * v1 128 ) v2 ) ( - ( min ( + v3 v2 ) 2000 ) 128 ) ) -127 ) 11 ) ( + ( min ( * v1 128 ) ( - v3 128 ) ) v2 ) ) ( min ( min ( - ( max ( min ( + ( * v1 128 ) v2 ) ( - ( min ( + v3 v2 ) 2127 ) 128 ) ) 0 ) 11 ) ( + ( * v1 128 ) v2 ) ) ( - ( + v3 v2 ) 128 ) ) ) -96 ) ),0,2532
2986,( != ( / ( + ( * v0 2048 ) 5045 ) 789 ) 0 ),0,435
2996,( && ( && ( && ( && ( && ( && 1 ( <= ( + ( * v2 8 ) v3 ) ( + ( * v2 8 ) v3 ) ) ) ( >= ( + ( + ( * v2 8 ) v3 ) 7 ) ( + ( + ( * v2 8 ) v3 ) 7 ) ) ) ( <= ( + ( + ( * 0 4 ) 0 ) ( / v1 8 ) ) ( / v1 8 ) ) ) ( >= ( + ( + ( * 15 4 ) 3 ) ( + ( / v1 8 ) ( * ( / ( - ( / ( + ( + v0 v1 ) 7 ) 8 ) ( / v1 8 ) ) 64 ) 64 ) ) ) ( / ( + ( + v0 v1 ) 7 ) 8 ) ) ) ( <= v4 v4 ) ) ( >= ( - ( + v5 v4 ) 1 ) ( - ( + v5 v4 ) 1 ) ) ),0,1654
3002,( == -5 ( - ( + -5 ( - 311 ( max ( min ( * ( + ( * v0 4 ) v1 ) 8 ) 311 ) 302 ) ) ) 1 ) ),0,104
3022,( == ( - ( * v0 4 ) 29 ) ( - ( + ( - ( * v0 4 ) 29 ) ( + ( * ( min v1 3 ) 4 ) 54 ) ) 1 ) ),0,89
3031,( == ( + ( + ( * v0 37 ) ( + v1 v2 ) ) 71 ) ( - ( + ( + ( + ( * v0 37 ) ( + v1 v2 ) ) 71 ) 37 ) 1 ) ),0,51
3051,( >= ( - ( + ( * ( + ( * v0 18 ) v1 ) 2 ) v2 ) 7 ) ( - ( + ( - ( + ( * ( + ( * v0 18 ) v1 ) 2 ) v2 ) 7 ) 3 ) 1 ) ),0,80
3059,( == ( / ( - v0 3927 ) 4 ) ( - ( + ( / ( - v0 3927 ) 4 ) ( / ( + ( % ( + v0 1 ) 4 ) 11 ) 4 ) ) 1 ) ),0,99
3112,( > ( - 0 ( * ( + ( + ( min ( * v0 4 ) 3 ) v1 ) v2 ) 8 ) ) ( - 249 ( * ( + ( + ( min ( * v0 4 ) 3 ) v1 ) v2 ) 8 ) ) ),0,80
3124,( == ( - ( min ( * ( max v0 -1 ) 2 ) 1 ) 1 ) ( - ( + ( - ( min ( * ( max v0 -1 ) 2 ) 1 ) 1 ) ( - 3 ( min ( * ( max v0 -1 ) 2 ) 1 ) ) ) 1 ) ),0,106
3125,( < ( + ( / ( + ( + ( min ( * v0 8 ) 117 ) v1 ) v2 ) 16 ) 1 ) ( / ( + ( + ( min ( * v0 8 ) 117 ) ( + v1 1 ) ) v2 ) 16 ) ),0,118
3126,( >= ( max ( / ( + v0 23 ) 516 ) 0 ) ( - ( + ( max ( / ( + v0 23 ) 516 ) 0 ) ( max ( - ( / ( + v0 538 ) 516 ) ( max ( / ( + v0 23 ) 516 ) 0 ) ) 0 ) ) 1 ) ),0,683
3135,( && ( && ( && ( && ( && ( && 1 ( <= ( - v4 1010 ) ( - v4 1010 ) ) ) ( >= ( - ( min ( + ( * v5 8 ) 764 ) v4 ) 759 ) ( - ( min ( + ( * v5 8 ) 764 ) v4 ) 759 ) ) ) ( <= ( - ( + ( * ( + ( * ( max ( min ( / v2 8 ) 249 ) 0 ) 2 ) 0 ) 4 ) 0 ) 2 ) ( - ( * ( max ( min ( / v2 8 ) 249 ) 0 ) 8 ) 2 ) ) ) ( >= ( - ( + ( * ( + ( * ( max ( min ( / v2 8 ) 249 ) 0 ) 2 ) ( + ( * ( min ( - v1 ( max ( min ( / v2 8 ) 249 ) 0 ) ) v3 ) 2 ) 1 ) ) 4 ) 3 ) 2 ) ( + ( min ( * v1 8 ) ( + ( + ( min ( * ( - v1 ( max ( min ( / v2 8 ) 249 ) 0 ) ) 8 ) -4 ) ( * ( min ( + ( max ( min ( / v2 8 ) 249 ) 0 ) v3 ) v1 ) 8 ) ) 4 ) ) 5 ) ) ) ( <= v6 v6 ) ) ( >= v6 v6 ) ),0,2580
3149,( && ( && ( && ( && ( && ( && 1 ( <= ( + ( + ( + ( max ( * -2 4 ) -5 ) v0 ) 0 ) 2 ) ( + -3 v0 ) ) ) ( >= ( + ( + ( + ( max ( * 18 4 ) -5 ) v0 ) 3 ) 2 ) ( + 2 ( + v0 75 ) ) ) ) ( <= ( + ( + ( max ( * v1 4 ) -5 ) v2 ) 2 ) ( + -3 ( + ( * v1 4 ) v2 ) ) ) ) ( >= ( + ( + ( * v1 4 ) v2 ) 5 ) ( + 2 ( + ( + ( * v1 4 ) v2 ) 3 ) ) ) ) ( <= ( + ( * 0 3 ) 0 ) 0 ) ) ( >= ( + ( * 1 3 ) 2 ) 5 ) ),0,174
3161,( == ( - ( * v0 8 ) 13 ) ( - ( + ( - ( * v0 8 ) 13 ) ( + ( * ( min ( - ( * ( - ( max ( min ( min ( / ( - ( + v1 v2 ) 1 ) 63 ) ( + ( + ( / v2 63 ) ( * v3 2 ) ) 1 ) ) 31 ) 0 ) ( max ( min ( + ( / v2 63 ) ( * v3 2 ) ) 31 ) 0 ) ) 8 ) ( * v4 14 ) ) -6 ) 8 ) 165 ) ) 1 ) ),0,2260
3176,( >= ( / ( + ( - ( max ( * ( / ( + ( + v0 v1 ) 31 ) 32 ) 32 ) 1964 ) ( min ( * ( / v1 32 ) 32 ) 36 ) ) 209 ) 132 ) 0 ),1,86
3205,( >= ( - ( * ( max ( min v0 10 ) 7 ) 8 ) 83 ) ( - ( + ( - ( * ( max ( min v0 10 ) 7 ) 8 ) 83 ) ( - 89 ( * ( max ( min v0 10 ) 7 ) 8 ) ) ) 1 ) ),0,87
3226,( && ( && ( && ( && ( && ( && 1 ( <= ( - ( + ( + ( * 0 4 ) 0 ) ( + ( min v0 4 ) v1 ) ) 4 ) ( + 0 ( - ( + ( min v0 4 ) v1 ) 4 ) ) ) ) ( >= ( - ( + ( + ( * 62 4 ) 3 ) ( + ( * ( / ( - ( max v0 4 ) 1 ) 252 ) 252 ) ( + ( min v0 4 ) v1 ) ) ) 4 ) ( + ( - ( + 4 0 ) 1 ) ( - ( + v0 v1 ) 4 ) ) ) ) ( <= ( + 0 ( + ( min ( * v2 63 ) 62 ) v3 ) ) ( + ( + ( min ( * v2 63 ) 62 ) 0 ) v3 ) ) ) ( >= ( + 31 ( + ( + ( min ( * v2 63 ) 62 ) v3 ) 32 ) ) ( + ( + ( min ( * v2 63 ) 62 ) ( - ( + 63 0 ) 1 ) ) v3 ) ) ) ( <= v4 v4 ) ) ( >= v4 v4 ) ),0,1305
3233,( < ( + ( + ( * v0 33 ) ( * v1 8 ) ) 31 ) ( - ( + ( max ( * ( + v0 1 ) 33 ) -9 ) ( * v1 8 ) ) 1 ) ),1,141
3237,( == ( * ( / ( * ( max ( * ( max ( min ( + ( * ( % v3 ( / ( + v4 41 ) 36 ) ) 36 ) ( - ( / v2 8 ) 5 ) ) ( min ( / ( - ( + v1 v2 ) 209 ) 8 ) 249 ) ) 0 ) 8 ) 12 ) -1 ) 4 ) 4 ) ( * ( max ( * ( max ( min ( + ( * ( % v3 ( / ( + v4 41 ) 36 ) ) 36 ) ( - ( / v2 8 ) 5 ) ) ( min ( / ( - ( + v1 v2 ) 209 ) 8 ) 249 ) ) 0 ) 8 ) 12 ) -1 ) ),0,4084
3254,( >= ( max ( / ( + ( - v0 v1 ) 13 ) 16 ) 0 ) ( - ( + ( max ( / ( + ( - v0 v1 ) 13 ) 16 ) 0 ) ( max ( - ( / ( + ( - v0 v1 ) 28 ) 16 ) ( max ( / ( + ( - v0 v1 ) 13 ) 16 ) 0 ) ) 0 ) ) 1 ) ),0,973
3256,( == ( - ( * ( max ( min v0 2 ) -3 ) 32 ) 68 ) ( - ( + ( - ( * ( max ( min v0 2 ) -3 ) 32 ) 68 ) ( - 72 ( * ( max ( min v0 2 ) -3 ) 32 ) ) ) 1 ) ),0,91
3260,( == ( - ( * v0 8 ) 12 ) ( - ( + ( - ( * v0 8 ) 12 ) ( + ( * ( min v1 1 ) 8 ) 19 ) ) 1 ) ),0,117
3300,( >= ( - v0 4 ) ( + ( + ( - v0 1 ) 3 ) 1 ) ),0,40
3320,( >= ( max ( / ( + ( - v0 v1 ) 32 ) 1028 ) 0 ) ( - ( + ( max ( / ( + ( - v0 v1 ) 32 ) 1028 ) 0 ) ( max ( - ( / ( + ( - v0 v1 ) 1059 ) 1028 ) ( max ( / ( + ( - v0 v1 ) 32 ) 1028 ) 0 ) ) 0 ) ) 1 ) ),0,921
3322,( >= ( max ( / ( + ( - v0 v1 ) 8 ) 64 ) 0 ) ( - ( + ( max ( / ( + ( - v0 v1 ) 8 ) 64 ) 0 ) ( max ( - ( / ( + ( - v0 v1 ) 71 ) 64 ) ( max ( / ( + ( - v0 v1 ) 8 ) 64 ) 0 ) ) 0 ) ) 1 ) ),0,1076
3340,( < ( + v0 3 ) ( - ( min ( max ( * v1 8 ) ( + ( + v0 1 ) 92 ) ) ( + ( + v0 1 ) 87 ) ) 89 ) ),0,98
3360,( == ( * ( / ( min ( - ( - ( - ( * ( min ( + ( * v2 128 ) ( + ( * v3 4 ) 131 ) ) ( * ( - ( + v4 v3 ) ( * v5 125 ) ) 4 ) ) 8 ) ( * v2 1024 ) ) ( * ( max ( / ( - ( min ( + ( + ( * v2 -128 ) ( min ( + ( * v2 128 ) ( + ( * v3 4 ) 131 ) ) ( * ( - ( + v4 v3 ) ( * v5 125 ) ) 4 ) ) ) ( * v3 -4 ) ) ( + ( + ( min ( + ( * v2 128 ) ( + ( * v3 4 ) 131 ) ) ( * ( - ( + v4 v3 ) ( * v5 125 ) ) 4 ) ) ( * v2 -128 ) ) ( - 63 ( * v3 4 ) ) ) ) 3 ) 63 ) 0 ) 504 ) ) ( * v3 32 ) ) 525 ) 4 ) 4 ) ( min ( - ( - ( - ( * ( min ( + ( * v2 128 ) ( + ( * v3 4 ) 131 ) ) ( * ( - ( + v4 v3 ) ( * v5 125 ) ) 4 ) ) 8 ) ( * v2 1024 ) ) ( * ( max ( / ( - ( min ( + ( + ( * v2 -128 ) ( min ( + ( * v2 128 ) ( + ( * v3 4 ) 131 ) ) ( * ( - ( + v4 v3 ) ( * v5 125 ) ) 4 ) ) ) ( * v3 -4 ) ) ( + ( + ( min ( + ( * v2 128 ) ( + ( * v3 4 ) 131 ) ) ( * ( - ( + v4 v3 ) ( * v5 125 ) ) 4 ) ) ( * v2 -128 ) ) ( - 63 ( * v3 4 ) ) ) ) 3 ) 63 ) 0 ) 504 ) ) ( * v3 32 ) ) 525 ) ),0,3424
3365,( >= ( / ( + ( + v0 v1 ) v2 ) 2 ) ( + ( + ( / ( + ( + ( - v0 1 ) v1 ) v2 ) 2 ) 1 ) 1 ) ),0,123
3380,( == ( - v0 5 ) ( - ( + ( - v0 5 ) ( - 11 ( max ( * ( - ( / ( + v1 v2 ) 8 ) v3 ) 8 ) 3 ) ) ) 1 ) ),0,132
3391,( >= ( - ( max ( min v0 316 ) 158 ) 318 ) ( - ( + ( - ( max ( min v0 316 ) 158 ) 318 ) ( - 322 ( max ( min v0 316 ) 158 ) ) ) 1 ) ),0,90
3407,( && ( && ( && ( && ( && ( && 1 ( <= ( + 0 ( + ( + ( min ( max ( * v0 500 ) -11 ) ( + ( * v0 500 ) 244 ) ) v1 ) 1 ) ) ( - ( + 0 ( + ( * v0 500 ) v1 ) ) 10 ) ) ) ( >= ( + 255 ( + ( min ( + ( * ( / ( + ( min ( * v0 500 ) -11 ) 510 ) 256 ) 256 ) ( + ( max ( * v0 500 ) -11 ) v1 ) ) ( + ( + ( * v0 500 ) v1 ) 244 ) ) 1 ) ) ( + ( + 3 ( + ( + ( * v0 500 ) v1 ) 496 ) ) 1 ) ) ) ( <= v2 v2 ) ) ( >= ( + v2 124 ) ( + v2 124 ) ) ) ( <= 0 0 ) ) ( >= 0 0 ) ),0,406
3411,( >= ( / ( + ( + v0 v1 ) v2 ) 63 ) ( + ( + ( / ( + ( + ( - v0 1 ) v1 ) v2 ) 63 ) 1 ) 1 ) ),0,137
3430,( && ( && ( && ( && ( && ( && 1 ( <= ( + ( + 0 ( - v0 5 ) ) 3 ) ( - ( + 0 v0 ) 2 ) ) ) ( >= ( + ( + 3 ( + v0 124 ) ) 3 ) ( + ( + 3 ( + v0 124 ) ) 3 ) ) ) ( <= ( - ( max ( + v1 6 ) v2 ) 3 ) ( - v1 2 ) ) ) ( >= ( + v1 3 ) ( + v1 3 ) ) ) ( <= v3 v3 ) ) ( >= v3 v3 ) ),0,153
3437,( >= ( - ( min ( * ( max v0 5 ) 4 ) 27 ) 30 ) ( - ( + ( - ( min ( * ( max v0 5 ) 4 ) 27 ) 30 ) ( - 33 ( min ( * ( max v0 5 ) 4 ) 27 ) ) ) 1 ) ),0,90
3439,( == ( - ( + ( * ( + ( * v0 18 ) v1 ) 2 ) v2 ) 7 ) ( - ( + ( - ( + ( * ( + ( * v0 18 ) v1 ) 2 ) v2 ) 7 ) 3 ) 1 ) ),0,90
3477,( >= ( max ( / ( * ( - v0 v1 ) 8 ) 126 ) 0 ) ( - ( + ( max ( / ( * ( - v0 v1 ) 8 ) 126 ) 0 ) ( max ( - ( / ( + ( * ( - v0 v1 ) 8 ) 125 ) 126 ) ( max ( / ( * ( - v0 v1 ) 8 ) 126 ) 0 ) ) 0 ) ) 1 ) ),0,2210
3497,( >= ( - ( max ( min v0 10 ) 7 ) 12 ) ( - ( + ( - ( max ( min v0 10 ) 7 ) 12 ) ( - 17 ( max ( min v0 10 ) 7 ) ) ) 1 ) ),0,79
3503,( == ( - -3 ( * ( / ( - 138 ( max ( * v0 36 ) 97 ) ) 4 ) 4 ) ) ( - ( + ( - -3 ( * ( / ( - 138 ( max ( * v0 36 ) 97 ) ) 4 ) 4 ) ) ( + ( * ( / ( - 138 ( max ( * v0 36 ) 97 ) ) 4 ) 4 ) 6 ) ) 1 ) ),0,127
3551,( && ( && ( && ( && ( && ( && 1 ( <= ( - v0 4 ) ( - v0 4 ) ) ) ( >= ( + ( + ( min ( * v1 16 ) 984 ) v2 ) 22 ) ( + ( + ( min ( * v1 16 ) 984 ) v2 ) 22 ) ) ) ( <= ( + ( + ( + v3 v4 ) 0 ) 3 ) ( - ( + v3 v4 ) 4 ) ) ) ( >= ( + ( + ( + v3 v4 ) 3 ) 3 ) ( + ( + v3 v4 ) 3 ) ) ) ( <= 0 0 ) ) ( >= 2 2 ) ),0,196
3552,( < ( + ( + ( / v0 4 ) ( * v1 250 ) ) 250 ) ( - ( + ( / v0 4 ) ( * ( + v1 1 ) 250 ) ) 1 ) ),0,79
3584,( >= ( - ( * ( + ( + ( * v0 4 ) v1 ) v2 ) 8 ) 116 ) ( - ( + ( - ( * ( + ( + ( * v0 4 ) v1 ) v2 ) 8 ) 116 ) 8 ) 1 ) ),0,72
3593,( <= ( max 0 ( + ( min ( / ( + ( % ( + ( min ( * v0 125 ) ( - v1 125 ) ) v2 ) 65 ) 124 ) 130 ) ( - ( + 0 2 ) 1 ) ) 1 ) ) 0 ),0,76
3594,( < ( + ( + ( + ( * v0 1000 ) v1 ) v2 ) 2 ) ( - ( + ( + ( * v0 1000 ) v1 ) ( + v2 1 ) ) 2 ) ),0,84
3615,( == ( * ( / ( * ( min ( + ( * v1 1056 ) ( * v2 8 ) ) ( + ( * ( min ( + ( * v1 132 ) v2 ) ( + v3 6 ) ) 8 ) 4 ) ) -1 ) 4 ) 4 ) ( * ( min ( + ( * v1 1056 ) ( * v2 8 ) ) ( + ( * ( min ( + ( * v1 132 ) v2 ) ( + v3 6 ) ) 8 ) 4 ) ) -1 ) ),0,1536
3616,( < ( + ( + ( + ( * v0 2 ) v1 ) v2 ) 129 ) ( - ( + ( + ( * v0 2 ) ( + v1 1 ) ) v2 ) 10 ) ),0,71
3617,( == ( * ( / ( max ( min ( + ( * v0 -88 ) ( - ( max v1 249 ) ( min v2 0 ) ) ) 31 ) 30 ) 4 ) 4 ) ( max ( min ( + ( * v0 -88 ) ( - ( max v1 249 ) ( min v2 0 ) ) ) 31 ) 30 ) ),0,106
3656,( == ( - v0 45 ) ( - ( + ( - v0 45 ) ( + ( + ( * v1 32 ) ( - ( * v2 64 ) ( max ( * v1 32 ) ( + ( * ( + ( * v2 2 ) v1 ) 32 ) 27 ) ) ) ) 91 ) ) 1 ) ),0,189
3671,( == ( - ( * ( min ( - v0 v1 ) 6 ) 8 ) 53 ) ( - ( + ( - ( * ( min ( - v0 v1 ) 6 ) 8 ) 53 ) ( - 58 ( * ( min ( - v0 v1 ) 6 ) 8 ) ) ) 1 ) ),0,98
3673,( && ( && ( && ( && ( && ( && 1 ( <= ( - ( + 0 ( + ( min ( * v0 64 ) 188 ) v1 ) ) 5 ) ( - ( + ( min ( * v0 64 ) 188 ) v1 ) 5 ) ) ) ( >= ( - ( + 3 ( + ( + ( min ( * v0 64 ) 188 ) v1 ) 68 ) ) 5 ) ( + ( + ( min ( * v0 64 ) 188 ) v1 ) 63 ) ) ) ( <= ( / ( - v2 5 ) 63 ) ( / ( - v2 5 ) 63 ) ) ) ( >= ( / ( + v2 1062 ) 63 ) ( / ( + v2 1062 ) 63 ) ) ) ( <= v3 v3 ) ) ( >= v3 v3 ) ),1,229
3686,( >= ( - ( max ( min ( - ( * v0 4 ) v1 ) -1 ) -4 ) 2 ) ( - ( + ( - ( max ( min ( - ( * v0 4 ) v1 ) -1 ) -4 ) 2 ) ( - 4 ( max ( min ( - ( * v0 4 ) v1 ) -1 ) -4 ) ) ) 1 ) ),0,104
3710,( == ( - ( * v0 2 ) 14 ) ( - ( + ( - ( * v0 2 ) 14 ) ( + ( * v1 2 ) 4 ) ) 1 ) ),0,81
3714,( == ( - ( * ( max ( min v0 0 ) -6 ) 8 ) 5 ) ( - ( + ( - ( * ( max ( min v0 0 ) -6 ) 8 ) 5 ) ( - 11 ( * ( max ( min v0 0 ) -6 ) 8 ) ) ) 1 ) ),0,125
3727,( == v0 ( - ( + v0 ( - ( / ( + v1 255 ) 136 ) ( / ( + v1 119 ) 136 ) ) ) 1 ) ),1,50
3733,( == ( - ( * v0 64 ) 29 ) ( - ( + ( - ( * v0 64 ) 29 ) ( + ( * v1 8 ) 34 ) ) 1 ) ),0,89
3744,( == ( - ( * v0 8 ) 56 ) ( - ( + ( - ( * v0 8 ) 56 ) ( + ( * ( min v1 13 ) 8 ) 100 ) ) 1 ) ),0,93
3757,( >= 0 ( - ( + 0 ( + ( / ( - 33 ( max ( - ( * v0 8 ) v1 ) ( + ( * v2 8 ) 29 ) ) ) 4 ) ( * v2 2 ) ) ) 1 ) ),0,936
3784,( <= ( max 0 ( + ( min ( - 115 ( * ( % v0 8 ) 15 ) ) ( - ( + 0 15 ) 1 ) ) 1 ) ) 0 ),0,79
3812,( >= ( / ( + ( - ( max ( + v0 v1 ) 2000 ) ( min v1 0 ) ) 529 ) 506 ) 0 ),1,54
3828,( >= ( max ( / ( + ( - v0 v1 ) 13 ) 152 ) 0 ) ( - ( + ( max ( / ( + ( - v0 v1 ) 13 ) 152 ) 0 ) ( max ( - ( / ( + ( - v0 v1 ) 164 ) 152 ) ( max ( / ( + ( - v0 v1 ) 13 ) 152 ) 0 ) ) 0 ) ) 1 ) ),0,936
3829,( >= ( - 256 ( * ( + ( + ( * v0 5 ) v1 ) v2 ) 8 ) ) ( - 2255 ( * ( + ( + ( * v0 5 ) v1 ) v2 ) 8 ) ) ),0,73
3837,( && ( && ( && ( && ( && ( && 1 ( <= ( + ( - ( * v0 8 ) 125 ) 96 ) ( - ( + ( * ( + 0 v0 ) 8 ) ( max -125 -5 ) ) 24 ) ) ) ( >= ( + ( + ( * v0 8 ) 3 ) 96 ) ( - ( + ( * ( + ( - ( + 16 0 ) 1 ) v0 ) 8 ) 3 ) 24 ) ) ) ( <= ( + ( + ( + ( * v1 8 ) v2 ) 0 ) 920 ) ( - ( + ( * ( + ( + ( * 0 4 ) 0 ) v1 ) 8 ) v2 ) 96 ) ) ) ( >= ( + ( + ( + ( * v1 8 ) v2 ) 3 ) 920 ) ( - ( + ( * ( + ( + ( * ( - ( + 32 0 ) 1 ) 4 ) ( - ( + 4 0 ) 1 ) ) v1 ) 8 ) v2 ) 96 ) ) ) ( <= 0 0 ) ) ( >= 2 ( - ( + 3 0 ) 1 ) ) ),0,338
3840,( >= ( / ( + ( * ( - ( / ( max ( / ( + ( + v0 v1 ) 7 ) 8 ) 255 ) 16 ) ( / ( min ( / v1 8 ) 0 ) 16 ) ) 16 ) 178 ) 140 ) 0 ),1,453
3860,( <= ( max 0 ( + ( min 3 ( - ( + 0 ( / ( + ( * ( / ( + ( % v0 8 ) 132 ) 8 ) 8 ) 38 ) 28 ) ) 1 ) ) 1 ) ) 0 ),0,80
3864,( == ( * ( / ( min ( + ( * v0 8 ) ( * ( * v1 4 ) 8 ) ) ( + ( * ( min v1 1 ) 32 ) 24 ) ) 2 ) 2 ) ( min ( + ( * v0 8 ) ( * ( * v1 4 ) 8 ) ) ( + ( * ( min v1 1 ) 32 ) 24 ) ) ),1,100
3865,( <= ( + ( max ( - ( min ( + ( min ( * v0 8 ) ( + ( - ( max ( * ( / ( + ( + v1 v2 ) 64 ) 65 ) 64 ) 1975 ) v3 ) 12 ) ) v3 ) ( + ( max ( * ( / ( + ( + v1 v2 ) 64 ) 65 ) 64 ) 1975 ) 12 ) ) ( + ( * v0 8 ) v3 ) ) ( - ( min ( + ( min ( + ( * v0 8 ) v4 ) ( + ( - ( max ( * ( / ( + ( + v1 v2 ) 64 ) 65 ) 64 ) 1975 ) v3 ) 12 ) ) v3 ) ( + ( max ( * ( / ( + ( + v1 v2 ) 64 ) 65 ) 64 ) 1975 ) 12 ) ) ( + ( + ( * v0 8 ) v4 ) v3 ) ) ) 3 ) 1024 ),0,3652
3894,( >= ( max ( / ( + ( - v0 v1 ) 13 ) 152 ) 0 ) ( - ( + ( max ( / ( + ( - v0 v1 ) 13 ) 152 ) 0 ) ( max ( - ( / ( + ( - v0 v1 ) 164 ) 152 ) ( max ( / ( + ( - v0 v1 ) 13 ) 152 ) 0 ) ) 0 ) ) 1 ) ),0,966
3897,( == ( - ( * ( + v0 v1 ) 8 ) 32 ) ( - ( + ( - ( * ( + v0 v1 ) 8 ) 32 ) 8 ) 1 ) ),0,87
3930,( >= ( - ( * v0 8 ) 1 ) ( + ( + ( * ( - v0 1 ) 8 ) 11 ) 1 ) ),0,96
3942,( == ( - 1 ( min ( * ( % v0 4 ) 126 ) 1 ) ) ( - ( + ( - 1 ( min ( * ( % v0 4 ) 126 ) 1 ) ) ( + ( + ( min ( * ( % v0 4 ) 126 ) 1 ) ( * ( max ( * ( % v0 4 ) 63 ) 187 ) -2 ) ) 499 ) ) 1 ) ),0,152
3950,( >= ( - ( min v0 0 ) 5 ) ( - ( + ( - ( min v0 0 ) 5 ) ( - 7 ( min v0 0 ) ) ) 1 ) ),0,71
3951,( >= ( - ( * ( max ( min v0 134 ) 65 ) 8 ) 1075 ) ( - ( + ( - ( * ( max ( min v0 134 ) 65 ) 8 ) 1075 ) ( - 1081 ( * ( max ( min v0 134 ) 65 ) 8 ) ) ) 1 ) ),0,94
3965,( == ( * ( / ( * ( min ( * ( / ( + ( min ( * v3 125 ) ( - v4 125 ) ) v2 ) 500 ) 64 ) ( + ( * ( min ( * ( / ( + ( min ( * v3 125 ) ( - v4 125 ) ) v2 ) 500 ) 8 ) ( + ( * ( / ( + ( min ( * v3 125 ) ( - v4 125 ) ) ( + v2 124 ) ) 500 ) 8 ) 10 ) ) 8 ) 5 ) ) -1 ) 4 ) 4 ) ( * ( min ( * ( / ( + ( min ( * v3 125 ) ( - v4 125 ) ) v2 ) 500 ) 64 ) ( + ( * ( min ( * ( / ( + ( min ( * v3 125 ) ( - v4 125 ) ) v2 ) 500 ) 8 ) ( + ( * ( / ( + ( min ( * v3 125 ) ( - v4 125 ) ) ( + v2 124 ) ) 500 ) 8 ) 10 ) ) 8 ) 5 ) ) -1 ) ),0,2539
3992,( >= ( + ( * v0 8 ) 371 ) ( - ( + ( + ( * v0 8 ) 371 ) ( - ( * ( max ( min v1 102 ) 98 ) 8 ) 781 ) ) 1 ) ),0,109
3993,( == ( - ( * v0 8 ) 194 ) ( - ( + ( - ( * v0 8 ) 194 ) ( + ( * ( min v1 -26 ) 8 ) 239 ) ) 1 ) ),0,92
4002,( == 0 ( - ( + 0 ( + ( * ( / ( + ( % ( + v0 v1 ) 500 ) 124 ) 500 ) 2 ) 3 ) ) 1 ) ),0,104
4003,( == ( * ( / ( min ( * ( / ( - ( max ( min ( + ( min ( * v3 125 ) ( - v4 125 ) ) v2 ) 2002 ) 3 ) 3 ) 16 ) 16 ) ( + ( max ( * ( / ( + ( max ( min ( + ( min ( * v3 125 ) ( - v4 125 ) ) v2 ) 1874 ) -125 ) 125 ) 16 ) 16 ) ( + ( min ( + ( min ( * v3 125 ) ( - v4 125 ) ) v2 ) 1874 ) 116 ) ) 7 ) ) 8 ) 8 ) ( min ( * ( / ( - ( max ( min ( + ( min ( * v3 125 ) ( - v4 125 ) ) v2 ) 2002 ) 3 ) 3 ) 16 ) 16 ) ( + ( max ( * ( / ( + ( max ( min ( + ( min ( * v3 125 ) ( - v4 125 ) ) v2 ) 1874 ) -125 ) 125 ) 16 ) 16 ) ( + ( min ( + ( min ( * v3 125 ) ( - v4 125 ) ) v2 ) 1874 ) 116 ) ) 7 ) ) ),0,2195
4011,( && ( && ( && ( && ( && ( && 1 ( <= ( + ( + ( * 0 4 ) v0 ) 0 ) ( + ( + ( * 0 4 ) v0 ) 0 ) ) ) ( >= ( + ( + ( * ( / ( - v1 1 ) 4 ) 4 ) v0 ) 3 ) ( + ( + ( * ( - ( + ( / ( + v1 3 ) 4 ) 0 ) 1 ) 4 ) v0 ) ( - ( + 4 0 ) 1 ) ) ) ) ( <= ( + ( * ( + ( * v2 4 ) v3 ) 2 ) v4 ) ( + ( * ( + ( * v2 4 ) v3 ) 2 ) v4 ) ) ) ( >= ( + ( + ( * ( + ( * v2 4 ) v3 ) 2 ) v4 ) 1 ) ( + ( + ( * ( + ( * v2 4 ) v3 ) 2 ) 1 ) v4 ) ) ) ( <= v5 v5 ) ) ( >= v5 v5 ) ),1,271
4012,( && ( && ( && ( && ( && ( && 1 ( <= ( - ( + 0 ( * ( / ( - ( + ( min v0 4 ) v1 ) 4 ) 63 ) 64 ) ) 45 ) ( - ( * ( - ( * ( / ( - ( + ( min v0 4 ) v1 ) 4 ) 63 ) 8 ) 5 ) 8 ) 5 ) ) ) ( >= ( - ( + 1045 ( + ( * ( / ( + ( * v2 64 ) 106 ) 1046 ) 1046 ) ( * ( / ( - ( + ( min v0 4 ) v1 ) 4 ) 63 ) 64 ) ) ) 45 ) ( + ( * ( - ( + ( + ( * v2 8 ) 13 ) ( - ( * ( / ( - ( + ( min v0 4 ) v1 ) 4 ) 63 ) 8 ) 5 ) ) 1 ) 8 ) ( - ( - 11 5 ) 1 ) ) ) ) ( <= ( - ( + ( * ( + ( * ( / v3 63 ) 16 ) 0 ) 4 ) 0 ) 45 ) ( - ( + 0 ( + ( * ( / v3 63 ) 64 ) 2 ) ) 47 ) ) ) ( >= ( - ( + ( * ( + ( * ( / v3 63 ) 16 ) ( + ( * ( / ( + ( % v3 63 ) 124 ) 63 ) 16 ) 32 ) ) 4 ) 3 ) 45 ) ( - ( + 3 ( + ( * ( + ( / ( + ( % v3 63 ) 124 ) 63 ) ( + ( / v3 63 ) ( / ( + ( % v3 63 ) 124 ) 63 ) ) ) 64 ) 221 ) ) 47 ) ) ) ( <= v4 v4 ) ) ( >= v4 v4 ) ),0,614
4021,( >= 0 ( - ( + 0 ( - 72 ( max ( * ( % v0 5 ) 15 ) 57 ) ) ) 1 ) ),0,48
4040,( == ( + ( + ( max ( * v0 8 ) -4 ) v1 ) 4 ) ( - ( + ( + ( + ( max ( * v0 8 ) -4 ) v1 ) 4 ) ( + ( min ( * v0 8 ) -4 ) 12 ) ) 1 ) ),0,144
4041,( == ( * ( / ( * ( max ( min ( + ( * ( max ( + ( * v1 4 ) ( - v2 v3 ) ) 65 ) 8 ) ( * ( / ( * ( min ( + ( * v1 -4 ) ( - v3 v2 ) ) -65 ) 8 ) 12 ) 12 ) ) 3 ) -11 ) -1 ) 4 ) 4 ) ( * ( max ( min ( + ( * ( max ( + ( * v1 4 ) ( - v2 v3 ) ) 65 ) 8 ) ( * ( / ( * ( min ( + ( * v1 -4 ) ( - v3 v2 ) ) -65 ) 8 ) 12 ) 12 ) ) 3 ) -11 ) -1 ) ),0,1927
4047,( && ( && ( && ( && ( && ( && 1 ( <= ( - ( + 0 ( + ( min v0 4 ) v1 ) ) 4 ) ( + 0 ( - ( + ( min v0 4 ) v1 ) 4 ) ) ) ) ( >= ( - ( + 3 ( + ( * ( / ( - ( max v0 4 ) 1 ) 4 ) 4 ) ( + ( min v0 4 ) v1 ) ) ) 4 ) ( + ( - ( + 4 0 ) 1 ) ( - ( + v0 v1 ) 4 ) ) ) ) ( <= ( + ( + ( min ( * v2 63 ) 62 ) v3 ) v4 ) ( + ( + ( min ( * v2 63 ) 62 ) v3 ) v4 ) ) ) ( >= ( + ( + ( min ( * v2 63 ) 62 ) v3 ) v4 ) ( + ( + ( min ( * v2 63 ) 62 ) v3 ) v4 ) ) ) ( <= v5 v5 ) ) ( >= ( - ( + v6 v5 ) 1 ) ( - ( + v6 v5 ) 1 ) ) ),0,1197
4070,( >= 0 ( - ( + 0 ( / ( + ( % ( + v0 v1 ) 8 ) 571 ) 32 ) ) 1 ) ),0,52
4071,( == ( + ( * ( max ( min v0 -8 ) -135 ) 2 ) 16 ) ( - ( + ( + ( * ( max ( min v0 -8 ) -135 ) 2 ) 16 ) ( - -14 ( * ( max ( min v0 -8 ) -135 ) 2 ) ) ) 1 ) ),0,126
4079,( >= ( - ( * ( max ( min v0 14 ) -4 ) 8 ) 117 ) ( - ( + ( - ( * ( max ( min v0 14 ) -4 ) 8 ) 117 ) ( - 121 ( * ( max ( min v0 14 ) -4 ) 8 ) ) ) 1 ) ),0,92
4087,( && ( && ( && ( && ( && ( && 1 ( <= ( - ( + ( - ( + ( * v0 4 ) v1 ) 2 ) 0 ) 1 ) ( + -2 ( - ( + ( * v0 4 ) v1 ) 1 ) ) ) ) ( >= ( - ( + ( + ( + ( * v0 4 ) v1 ) ( - ( - 6 2 ) 1 ) ) 3 ) 1 ) ( + ( - ( - 6 2 ) 1 ) ( + ( min ( - ( + ( * v0 4 ) v1 ) ( max ( * v0 4 ) 33 ) ) v1 ) 35 ) ) ) ) ( <= 0 0 ) ) ( >= ( - 8 1 ) ( - 8 1 ) ) ) ( <= v2 v2 ) ) ( >= v2 v2 ) ),0,1250
4091,( == ( * ( / ( * ( min ( * ( / ( + ( min ( * v3 125 ) ( - v4 125 ) ) v2 ) 4 ) 4 ) ( + ( * ( / ( + ( min ( * v3 125 ) ( - v4 125 ) ) v2 ) 8 ) 8 ) 4 ) ) -1 ) 4 ) 4 ) ( * ( min ( * ( / ( + ( min ( * v3 125 ) ( - v4 125 ) ) v2 ) 4 ) 4 ) ( + ( * ( / ( + ( min ( * v3 125 ) ( - v4 125 ) ) v2 ) 8 ) 8 ) 4 ) ) -1 ) ),0,1838
4108,( == ( * ( max ( min ( + ( / v0 8 ) ( - ( * v1 4 ) ( / ( + ( + v2 v0 ) 39 ) 8 ) ) ) 0 ) -3 ) 8 ) ( - 10 ( * v3 4 ) ) ),0,137
4114,( == ( - ( * ( / v0 63 ) 64 ) 45 ) ( - ( + ( - ( * ( / v0 63 ) 64 ) 45 ) ( + ( * v1 64 ) 107 ) ) 1 ) ),0,115
4123,( && ( && ( && ( && ( && ( && 1 ( <= ( - ( max ( + v0 5 ) v1 ) 3 ) ( - v0 3 ) ) ) ( >= ( + v0 2 ) ( + v0 2 ) ) ) ( <= ( + ( + ( + ( max ( * -2 4 ) -5 ) v2 ) 0 ) 2 ) ( - v2 3 ) ) ) ( >= ( + ( + ( + ( max ( * ( / ( - 16 ( max ( * v3 4 ) 13 ) ) 4 ) 4 ) -5 ) v2 ) 3 ) 2 ) ( + ( + ( * ( / ( - 16 ( max ( * v3 4 ) 13 ) ) 4 ) 4 ) v2 ) 5 ) ) ) ( <= v4 v4 ) ) ( >= v4 v4 ) ),0,327
4132,( >= 0 ( - ( + 0 ( / ( + ( % ( + v0 v1 ) 4 ) 159 ) 8 ) ) 1 ) ),0,54
4180,( >= ( - ( min ( * ( max v0 -498 ) 2 ) 7 ) 8 ) ( - ( + ( - ( min ( * ( max v0 -498 ) 2 ) 7 ) 8 ) ( - 12 ( min ( * ( max v0 -498 ) 2 ) 7 ) ) ) 1 ) ),0,95
4193,( == ( - ( + v0 v1 ) 12 ) ( - ( + ( - ( + v0 v1 ) 12 ) 141 ) 1 ) ),0,56
4210,( >= ( - ( * ( + ( + ( * v0 2 ) v1 ) v2 ) 8 ) 13 ) ( - ( + ( - ( * ( + ( + ( * v0 2 ) v1 ) v2 ) 8 ) 13 ) 27 ) 1 ) ),0,87
4214,( >= ( max ( / ( + ( - v0 v1 ) 32 ) 516 ) 0 ) ( - ( + ( max ( / ( + ( - v0 v1 ) 32 ) 516 ) 0 ) ( max ( - ( / ( + ( - v0 v1 ) 547 ) 516 ) ( max ( / ( + ( - v0 v1 ) 32 ) 516 ) 0 ) ) 0 ) ) 1 ) ),0,979
4225,( == ( - ( max ( min v0 5 ) 2 ) 7 ) ( - ( + ( - ( max ( min v0 5 ) 2 ) 7 ) ( - 12 ( max ( min v0 5 ) 2 ) ) ) 1 ) ),0,106
4230,( >= ( max ( / ( + ( - v0 v1 ) 32 ) 1028 ) 0 ) ( - ( + ( max ( / ( + ( - v0 v1 ) 32 ) 1028 ) 0 ) ( max ( - ( / ( + ( - v0 v1 ) 1059 ) 1028 ) ( max ( / ( + ( - v0 v1 ) 32 ) 1028 ) 0 ) ) 0 ) ) 1 ) ),0,963
4234,( == ( + v0 741 ) ( - ( + ( + v0 741 ) ( - 263 ( max ( * v1 129 ) 128 ) ) ) 1 ) ),0,89
4281,( >= 0 ( - ( + 0 ( + ( * ( / ( + ( % ( + v0 v1 ) 8 ) 124 ) 8 ) 2 ) 3 ) ) 1 ) ),0,53
4292,( >= ( / ( + v0 5 ) 64 ) ( - ( + ( / ( + v0 5 ) 64 ) ( / ( + ( % ( + v0 5 ) 64 ) 63 ) 64 ) ) 1 ) ),1,78
4305,( < ( + ( + v0 v1 ) 10 ) ( - ( + ( + v0 1 ) v1 ) 2 ) ),0,47
4323,( == ( - ( + ( max ( * v0 4 ) -2 ) ( * v1 2 ) ) 1003 ) ( - ( + ( - ( + ( max ( * v0 4 ) -2 ) ( * v1 2 ) ) 1003 ) ( + ( min ( * v0 4 ) -2 ) 6 ) ) 1 ) ),0,122
4328,( >= ( / ( + ( - ( max ( + v0 v1 ) 2000 ) ( min v1 0 ) ) 31 ) 32 ) 0 ),1,42
4333,( < ( + ( + ( * v0 8 ) v1 ) 7 ) ( + ( * v0 8 ) ( + v1 1 ) ) ),0,48
4348,( == ( - ( * ( + v0 v1 ) 2 ) 4 ) ( - ( + ( - ( * ( + v0 v1 ) 2 ) 4 ) ( + ( * -373 2 ) 748 ) ) 1 ) ),0,71
4349,( && ( && ( && ( && ( && ( && 1 ( <= ( + ( + 0 ( + ( max ( * v0 128 ) -15 ) v1 ) ) 5 ) ( - ( - ( + 0 ( + ( * v0 128 ) v1 ) ) 1 ) 9 ) ) ) ( >= ( + ( + 15 ( + ( * ( / ( + ( min ( * v0 128 ) -15 ) 142 ) 16 ) 16 ) ( + ( max ( * v0 128 ) -15 ) v1 ) ) ) 5 ) ( - ( + ( + 15 ( + ( + ( * v0 128 ) v1 ) 128 ) ) 4 ) 9 ) ) ) ( <= ( - ( + ( + ( * 0 65 ) v2 ) 0 ) 1 ) ( - v2 1 ) ) ) ( >= ( - ( + ( + ( * 1 65 ) v2 ) 64 ) 1 ) ( + ( - ( + 125 v2 ) 1 ) 4 ) ) ) ( <= 0 0 ) ) ( >= 19 19 ) ),0,406
4368,( == ( + ( * v0 2 ) 1 ) ( - ( + ( + ( * v0 2 ) 1 ) ( + ( * ( min v1 62 ) 2 ) 2 ) ) 1 ) ),0,81
4373,( >= 0 ( - ( + 0 ( + ( - ( - ( / ( min ( - ( - ( - ( / ( + ( + v0 v1 ) 7 ) 8 ) ( * v2 128 ) ) ( * v3 32 ) ) ( / v1 8 ) ) ( + ( * ( min ( + ( * v4 3 ) v5 ) 7 ) 4 ) 3 ) ) 4 ) v5 ) ( * v4 3 ) ) 1 ) ) 1 ) ),0,1799
4375,( == 0 ( - ( + 0 ( - 13 ( max ( min ( * v0 7 ) 13 ) 6 ) ) ) 1 ) ),0,65
4408,( >= 0 ( - ( + 0 ( / ( + ( % ( + v0 v1 ) 8 ) 212 ) 72 ) ) 1 ) ),0,43
4412,( >= 0 ( - ( + 0 ( / ( + ( % ( + v0 v1 ) 8 ) 252 ) 32 ) ) 1 ) ),0,68
4427,( < ( + ( + v0 v1 ) 124 ) ( + v0 ( + v1 1 ) ) ),0,38
4442,( == ( + ( * ( max v0 -1 ) 2 ) 2 ) ( - ( + ( + ( * ( max v0 -1 ) 2 ) 2 ) ( * ( - v1 ( max v0 -1 ) ) 2 ) ) 1 ) ),0,103
4453,( == ( * ( / ( * ( min ( + ( * ( % v3 ( / ( + ( * v4 64 ) 791 ) 696 ) ) 696 ) ( + ( * ( / v2 63 ) 64 ) 600 ) ) ( * ( / ( - ( + v1 v2 ) 1 ) 63 ) 64 ) ) -1 ) 4 ) 4 ) ( * ( min ( + ( * ( % v3 ( / ( + ( * v4 64 ) 791 ) 696 ) ) 696 ) ( + ( * ( / v2 63 ) 64 ) 600 ) ) ( * ( / ( - ( + v1 v2 ) 1 ) 63 ) 64 ) ) -1 ) ),0,1964
4470,( >= ( - ( + ( * v0 3 ) ( + ( min ( * v1 9 ) 70 ) v2 ) ) 59 ) ( - ( + ( - ( + ( * v0 3 ) ( + ( min ( * v1 9 ) 70 ) v2 ) ) 59 ) 3 ) 1 ) ),0,75
4481,( == ( - ( * ( + ( * ( / v0 63 ) 2 ) v1 ) 32 ) 40 ) ( - ( + ( - ( * ( + ( * ( / v0 63 ) 2 ) v1 ) 32 ) 40 ) ( + ( * v2 8 ) 32 ) ) 1 ) ),0,123
4496,( >= ( - ( * ( max ( min v0 0 ) -31 ) 8 ) 5 ) ( - ( + ( - ( * ( max ( min v0 0 ) -31 ) 8 ) 5 ) ( - 9 ( * ( max ( min v0 0 ) -31 ) 8 ) ) ) 1 ) ),0,98
4503,( <= ( + ( * ( max ( - ( + ( / ( + v0 7 ) 2 ) ( * ( / ( - 0 ( % v0 2 ) ) 8 ) 4 ) ) ( min ( max ( / v0 2 ) ( + ( / ( + v0 1 ) 2 ) ( * ( / ( - 0 ( % v0 2 ) ) 8 ) 4 ) ) ) ( + ( / v0 2 ) ( * ( / ( - 0 ( % v0 2 ) ) 8 ) 4 ) ) ) ) ( - ( + ( / ( + v0 7 ) 2 ) ( * v1 4 ) ) ( min ( max ( / v0 2 ) ( + ( / ( + v0 1 ) 2 ) ( * v1 4 ) ) ) ( + ( / v0 2 ) ( * v1 4 ) ) ) ) ) 2 ) 2 ) 1024 ),0,3014
4508,( >= ( max ( / ( + v0 6 ) 504 ) 0 ) ( - ( + ( max ( / ( + v0 6 ) 504 ) 0 ) ( max ( - ( / ( + v0 509 ) 504 ) ( max ( / ( + v0 6 ) 504 ) 0 ) ) 0 ) ) 1 ) ),0,722
4526,( && ( && ( && ( && ( && ( && 1 ( <= ( + ( + 0 ( - v0 6 ) ) 1 ) ( - ( + 0 v0 ) 5 ) ) ) ( >= ( + ( + 3 ( + v0 124 ) ) 1 ) ( + ( + 3 ( + v0 124 ) ) 1 ) ) ) ( <= ( - ( max ( * ( / v1 8 ) 8 ) ( + v2 11 ) ) 10 ) ( - v2 5 ) ) ) ( >= ( + v2 1 ) ( + v2 1 ) ) ) ( <= v3 v3 ) ) ( >= v3 v3 ) ),0,176
4528,( == ( * ( / ( - ( * ( min ( + ( min ( + ( * v0 128 ) ( + v1 127 ) ) v2 ) 2 ) ( + ( * v0 128 ) v1 ) ) 8 ) ( max ( * ( min ( + ( * v0 128 ) ( min ( + v1 58 ) ( + v1 127 ) ) ) v2 ) 8 ) ( + ( * v0 1024 ) ( + ( * v1 8 ) 460 ) ) ) ) 4 ) 4 ) ( - ( * ( min ( + ( min ( + ( * v0 128 ) ( + v1 127 ) ) v2 ) 2 ) ( + ( * v0 128 ) v1 ) ) 8 ) ( max ( * ( min ( + ( * v0 128 ) ( min ( + v1 58 ) ( + v1 127 ) ) ) v2 ) 8 ) ( + ( * v0 1024 ) ( + ( * v1 8 ) 460 ) ) ) ) ),1,164
4556,( == ( - v0 5 ) ( - ( + ( - v0 5 ) ( - 11 ( max ( * v1 -8 ) 3 ) ) ) 1 ) ),0,122
4590,( == ( - ( * ( max ( min ( + v0 v1 ) 0 ) -2 ) 8 ) 4 ) ( - ( + ( - ( * ( max ( min ( + v0 v1 ) 0 ) -2 ) 8 ) 4 ) ( - 10 ( * ( max ( min ( + v0 v1 ) 0 ) -2 ) 8 ) ) ) 1 ) ),0,120
4591,( == ( * ( / ( * ( min ( * ( / ( + ( min ( * v3 128 ) ( - v4 128 ) ) v2 ) 16 ) 8 ) ( + ( * ( / ( + ( min ( * v3 128 ) ( - v4 128 ) ) ( - v2 1 ) ) 16 ) 8 ) 17 ) ) -1 ) 8 ) 8 ) ( * ( min ( * ( / ( + ( min ( * v3 128 ) ( - v4 128 ) ) v2 ) 16 ) 8 ) ( + ( * ( / ( + ( min ( * v3 128 ) ( - v4 128 ) ) ( - v2 1 ) ) 16 ) 8 ) 17 ) ) -1 ) ),0,1887
4606,( == ( * ( / ( min ( + ( * v0 4 ) ( * ( + ( + ( * ( / v1 63 ) 16 ) ( * v2 32 ) ) ( * v3 8 ) ) 4 ) ) ( + ( * ( min ( * ( min ( / ( min ( * ( + ( * ( + ( / v1 63 ) ( * v2 2 ) ) 2 ) v3 ) 4 ) ( + ( * ( min ( / ( - ( + v4 v1 ) 1 ) 63 ) ( + ( + ( / v1 63 ) ( * v2 2 ) ) 1 ) ) 8 ) 4 ) ) 4 ) ( + ( * ( + ( / v1 63 ) ( * v2 2 ) ) 2 ) v3 ) ) 4 ) ( + ( * ( min ( / ( - ( + v4 v1 ) 1 ) 63 ) ( + ( + ( / v1 63 ) ( * v2 2 ) ) 1 ) ) 8 ) 4 ) ) 8 ) 28 ) ) 4 ) 4 ) ( min ( + ( * v0 4 ) ( * ( + ( + ( * ( / v1 63 ) 16 ) ( * v2 32 ) ) ( * v3 8 ) ) 4 ) ) ( + ( * ( min ( * ( min ( / ( min ( * ( + ( * ( + ( / v1 63 ) ( * v2 2 ) ) 2 ) v3 ) 4 ) ( + ( * ( min ( / ( - ( + v4 v1 ) 1 ) 63 ) ( + ( + ( / v1 63 ) ( * v2 2 ) ) 1 ) ) 8 ) 4 ) ) 4 ) ( + ( * ( + ( / v1 63 ) ( * v2 2 ) ) 2 ) v3 ) ) 4 ) ( + ( * ( min ( / ( - ( + v4 v1 ) 1 ) 63 ) ( + ( + ( / v1 63 ) ( * v2 2 ) ) 1 ) ) 8 ) 4 ) ) 8 ) 28 ) ) ),1,232
4613,( <= ( max ( / ( + ( % v0 8 ) 15 ) 8 ) ( + ( - ( / ( + ( + ( min ( * v1 8 ) 117 ) v0 ) 7 ) 8 ) ( min ( / ( + ( min ( * v1 8 ) 117 ) v0 ) 8 ) ( + ( / ( + v0 7 ) 8 ) v1 ) ) ) 1 ) ) 1024 ),0,3498
4650,( == ( * ( / ( * ( min ( + ( * ( % v3 ( / ( + ( * v4 64 ) 355 ) 260 ) ) 260 ) ( + ( * ( / v2 63 ) 64 ) 164 ) ) ( * ( / ( - ( + v1 v2 ) 1 ) 63 ) 64 ) ) -1 ) 4 ) 4 ) ( * ( min ( + ( * ( % v3 ( / ( + ( * v4 64 ) 355 ) 260 ) ) 260 ) ( + ( * ( / v2 63 ) 64 ) 164 ) ) ( * ( / ( - ( + v1 v2 ) 1 ) 63 ) 64 ) ) -1 ) ),0,1929
4659,( == ( - ( * ( / ( - ( + ( * v0 128 ) v1 ) 5 ) 63 ) 64 ) 16 ) ( - ( + ( - ( * ( / ( - ( + ( * v0 128 ) v1 ) 5 ) 63 ) 64 ) 16 ) ( + ( * ( / ( + ( + v1 v2 ) 62 ) 63 ) 64 ) 64 ) ) 1 ) ),0,190
4673,( == ( - ( * v0 8 ) 18 ) ( - ( + ( - ( * v0 8 ) 18 ) ( + ( * ( - v1 v0 ) 8 ) 64 ) ) 1 ) ),0,90
4676,( >= ( + ( * ( - ( max ( min ( * ( / ( + ( + v0 v1 ) 127 ) 32 ) 4 ) 246 ) -3 ) ( max ( min ( * ( / ( - ( + ( min v0 125 ) v1 ) 125 ) 32 ) 4 ) 285 ) 36 ) ) 8 ) 322 ) 0 ),0,1669
4703,( >= ( - ( min v0 24 ) 24 ) ( - ( + ( - ( min v0 24 ) 24 ) ( - 29 ( min v0 24 ) ) ) 1 ) ),0,62
4712,( == ( - ( + v0 v1 ) 2 ) ( - ( + ( - ( + v0 v1 ) 2 ) 130 ) 1 ) ),0,58
4713,( >= ( / ( + ( - ( max v0 1997 ) ( min v1 0 ) ) 38 ) 36 ) 0 ),1,41
4720,( >= ( / ( + ( - ( max ( / ( + ( + v0 v1 ) 23 ) 8 ) 249 ) ( min ( / v1 8 ) 4 ) ) 21 ) 17 ) 0 ),1,92
4755,( < ( - ( + v0 v1 ) 1082 ) ( - ( + ( + v0 1 ) v1 ) 1085 ) ),0,52
4802,( >= 0 ( - ( + 0 ( - 39 ( max ( * ( % v0 8 ) 5 ) 34 ) ) ) 1 ) ),0,52
4807,( && ( && ( && ( && ( && ( && 1 ( <= ( - ( + v0 v1 ) 36 ) ( - ( + v0 v1 ) 36 ) ) ) ( >= ( - ( + v0 v1 ) 36 ) ( - ( + v0 v1 ) 36 ) ) ) ( <= ( - ( + ( + ( * 0 4 ) ( * v2 8 ) ) 0 ) 39 ) ( - ( * v2 8 ) 39 ) ) ) ( >= ( - ( + ( + ( * 35 4 ) ( + ( * v2 8 ) 139 ) ) 3 ) 39 ) ( + ( * v2 8 ) 103 ) ) ) ( <= 0 0 ) ) ( >= ( - ( + 22 0 ) 1 ) ( - ( + 22 0 ) 1 ) ) ),1,189
4832,( == ( * ( / ( max ( + ( * v0 16 ) ( * ( * v1 3 ) 16 ) ) 170 ) 2 ) 2 ) ( max ( + ( * v0 16 ) ( * ( * v1 3 ) 16 ) ) 170 ) ),1,80
4835,( == v0 ( - ( + v0 ( - ( / ( + v1 7 ) 4 ) ( / ( + v1 3 ) 4 ) ) ) 1 ) ),1,62
4846,( == ( - ( * ( / ( + v0 v1 ) 63 ) 8 ) 24 ) ( - ( + ( - ( * ( / ( + v0 v1 ) 63 ) 8 ) 24 ) ( + ( * v2 8 ) 62 ) ) 1 ) ),0,116
4852,( >= 4 ( / ( + ( % ( + ( min ( * v0 125 ) ( - v1 125 ) ) v2 ) 8 ) 124 ) 32 ) ),1,57
4862,( == ( - ( * ( / ( + v0 v1 ) 2 ) 2 ) 7 ) ( - ( + ( - ( * ( / ( + v0 v1 ) 2 ) 2 ) 7 ) 142 ) 1 ) ),0,94
4871,( >= 0 ( - ( + 0 ( / ( + ( % ( + v0 v1 ) 16 ) 313 ) 32 ) ) 1 ) ),0,56
4883,( == ( * ( / ( + ( * v0 4 ) ( min ( + ( * v0 4 ) ( * ( + ( * ( / v1 125 ) 16 ) ( * v2 137 ) ) 4 ) ) ( + ( * ( / ( + ( + v3 v1 ) 124 ) 125 ) 64 ) 68 ) ) ) 2 ) 2 ) ( + ( * v0 4 ) ( min ( + ( * v0 4 ) ( * ( + ( * ( / v1 125 ) 16 ) ( * v2 137 ) ) 4 ) ) ( + ( * ( / ( + ( + v3 v1 ) 124 ) 125 ) 64 ) 68 ) ) ) ),1,112
4885,( >= ( - ( * ( + ( + ( * v0 10 ) ( * v1 8 ) ) v2 ) 8 ) 99 ) ( - ( + ( - ( * ( + ( + ( * v0 10 ) ( * v1 8 ) ) v2 ) 8 ) 99 ) 8 ) 1 ) ),0,73
4887,( && ( && ( && ( && ( && ( && 1 ( <= ( + ( + ( + -507 v0 ) 0 ) 498 ) ( - ( + ( + ( + ( * 0 4 ) 0 ) v0 ) ( max -507 0 ) ) 9 ) ) ) ( >= ( + ( + ( + 3 v0 ) 3 ) 498 ) ( - ( + ( + ( + ( * ( - ( + 127 0 ) 1 ) 4 ) ( - ( + 4 0 ) 1 ) ) v0 ) 3 ) 9 ) ) ) ( <= ( - ( max ( max ( min v1 1999 ) ( - ( + ( max ( min v1 1999 ) 9 ) v2 ) ( max v2 -136 ) ) ) 9 ) 9 ) ( + ( max ( - -136 ( max v2 -136 ) ) 0 ) ( - ( max ( min v1 1999 ) 9 ) 9 ) ) ) ) ( >= ( + ( + ( max ( min v1 1999 ) 9 ) v2 ) 130 ) ( + 3 ( - ( + ( + v2 137 ) ( - ( max ( min v1 1999 ) 9 ) 9 ) ) 1 ) ) ) ) ( <= v3 v3 ) ) ( >= v3 v3 ) ),1,456
4893,( >= ( max ( / ( + ( - v0 v1 ) 13 ) 16 ) 0 ) ( - ( + ( max ( / ( + ( - v0 v1 ) 13 ) 16 ) 0 ) ( max ( - ( / ( + ( - v0 v1 ) 28 ) 16 ) ( max ( / ( + ( - v0 v1 ) 13 ) 16 ) 0 ) ) 0 ) ) 1 ) ),0,939
4895,( < ( + ( + ( min ( * v0 63 ) 62 ) v1 ) v2 ) ( - ( + ( + ( min ( * v0 63 ) 62 ) ( + v1 1 ) ) v2 ) 5 ) ),0,92
4897,( == ( - ( * ( / ( - ( + ( * v0 128 ) v1 ) 5 ) 63 ) 64 ) 16 ) ( - ( + ( - ( * ( / ( - ( + ( * v0 128 ) v1 ) 5 ) 63 ) 64 ) 16 ) ( + ( * ( / ( + ( + v1 v2 ) 62 ) 63 ) 64 ) 64 ) ) 1 ) ),0,228
4917,( >= 0 ( - ( + 0 ( + ( * ( / ( + ( % ( + v0 v1 ) 8 ) 132 ) 8 ) 2 ) 4 ) ) 1 ) ),0,66
4925,( == ( - ( * ( + ( * v0 114 ) v1 ) 2 ) 14 ) ( - ( + ( - ( * ( + ( * v0 114 ) v1 ) 2 ) 14 ) ( + ( * ( min ( - v2 v1 ) 102 ) 2 ) 24 ) ) 1 ) ),0,161
4930,( >= ( - ( max ( min v0 548 ) 409 ) 550 ) ( - ( + ( - ( max ( min v0 548 ) 409 ) 550 ) ( - 552 ( max ( min v0 548 ) 409 ) ) ) 1 ) ),0,70
4952,( >= ( / ( + v0 v1 ) 32 ) ( + ( + ( / ( + ( - v0 1 ) v1 ) 32 ) 1 ) 1 ) ),0,111
4983,( == ( - ( + ( * v0 32 ) ( + v1 v2 ) ) 1 ) ( - ( + ( - ( + ( * v0 32 ) ( + v1 v2 ) ) 1 ) 37 ) 1 ) ),0,942
4990,( == -31 ( - ( + -31 ( - 38 ( max ( min ( * v0 4 ) 38 ) 3 ) ) ) 1 ) ),0,94
4994,( >= ( - ( + v0 v1 ) 4 ) ( + ( + ( + ( - v0 1 ) v1 ) 2 ) 1 ) ),0,62
4998,( < ( - ( * ( + ( + ( * v0 2 ) v1 ) v2 ) 8 ) 36 ) ( - ( * ( + ( + ( * v0 2 ) v1 ) ( + v2 1 ) ) 8 ) 43 ) ),1,98
4999,( >= ( - ( * ( + ( * ( + v0 v1 ) 4 ) v2 ) 8 ) 192 ) ( - ( + ( - ( * ( + ( * ( + v0 v1 ) 4 ) v2 ) 8 ) 192 ) 8 ) 1 ) ),0,78
